Name,Email,Company,Country
ME JEANS,,AgViN0JqQq,USA
NICOLE LEE,INFO@NICOLELEEUSA.COM,AgViN0JqQq,USA
DN SHOES INC,DNSHOES2014@GMAIL.COM,AgViN0JqQq,USA
EAST LION,blancad@eastlioncorp.com,AgViN0JqQq,USA
STYLEBOOK INC,luis@dopyag.com,AgViN0JqQq,USA
JP ORIGINAL,lorenam@jpo.com,AgViN0JqQq,USA
RACHEL (TASBA INC),,AgViN0JqQq,USA
RADIANT FOOTWEAR,,AgViN0JqQq,USA
MAY QUEEN,,AgViN0JqQq,USA
DIAMANTE JEANS,DIAMANTEJEANS@GMAIL.COM,AgViN0JqQq,USA
UNIK,UNIKUSA@GMAIL.COM,AgViN0JqQq,USA
SENSE HANDBAGS,SENSEHANDBAG@YAHOO.COM,AgViN0JqQq,USA
OPPO ORIGINAL CORP,,AgViN0JqQq,USA
RUBI JEANS,DIAMANTEJEANS@GMAIL.COM,AgViN0JqQq,USA
DAGACCI USA,DAGACCI@GMAIL.COM,AgViN0JqQq,USA
3 B SHOES,3BSHOES@GMAIL.COM,AgViN0JqQq,USA
FOREVER LINK INTL,INFO@FOREVERLINKSHOES.COM,AgViN0JqQq,USA
PROJECT 18 FASHION GROUP,PROJECT18JEANS@YAHOO.COM,AgViN0JqQq,USA
FORTUNE DYNAMIC,JACKPSUI@FORTUNEDYNAMIC.COM,AgViN0JqQq,USA
CLASSIC BLUE JEANS,CLASSICBLUEJEANS@GMAIL.COM,AgViN0JqQq,USA
COCO CASUAL,COCOCASUAL@HOTMAIL.COM,AgViN0JqQq,USA
PINKY FOOTWEAR,,AgViN0JqQq,USA
KONE TRADING,,AgViN0JqQq,USA
JOIA SHOES,www.joiashoesusa.com,AgViN0JqQq,USA
SAZA JEANS INC,SAZAJEANS@HOTMAIL.COM,AgViN0JqQq,USA
ELEGANT FOOTWEAR,SALES@ELEGANTFOOTWEARS.COM,AgViN0JqQq,USA
TREE IMPORT,carlos.rice@windwardlogistics.com,AgViN0JqQq,USA
HELIX TRADING,XJBOOST@HOTMAIL.COM,AgViN0JqQq,USA
GOLD STAR ACC,,AgViN0JqQq,USA
NEWEL IMPORT CORP,KEVIN@NEWELLUS.COM,AgViN0JqQq,USA
BAGEL,BAGEL102@YAHOO.COM,AgViN0JqQq,USA
NURI IMPORT INC,,AgViN0JqQq,USA
PHIL COLLECTION,,AgViN0JqQq,USA
LA IDOL,,AgViN0JqQq,USA
BLUE PLANET (BOOM BOOM JEANS),,AgViN0JqQq,USA
WM SHOES,,AgViN0JqQq,USA
KMQ INTL,kmqla@kmqhandbag.com,AgViN0JqQq,USA
LOVE & LOVE,SALES.LOVENLOVE@GMAIL.COM,AgViN0JqQq,USA
MOCHA,,AgViN0JqQq,USA
KIMCINE,,AgViN0JqQq,USA
EJ FASHION,JINLI8696@GMAIL.COM,AgViN0JqQq,USA
TRI ANGELES,TRIANGELES@163.COM,AgViN0JqQq,VENEZUELA
FOUR SEASONS,oscarv@4sgm.com,AgViN0JqQq,USA
TWIN TIGER FOOTWEAR,,AgViN0JqQq,USA
BLOSSOM FOOTWEAR,,AgViN0JqQq,USA
RNZ IMPORT,MOHAMMAD.B@AKZANWHOLESALE.COM,AgViN0JqQq,USA
ESTELLE FRAGANCES INC,,AgViN0JqQq,USA
SWEET LOOK,,AgViN0JqQq,USA
SPECIAL A,specialAjeans.com,AgViN0JqQq,USA
FONG LINGIRIE,,AgViN0JqQq,USA
REALPLAY CORP DBA RIPLAY,,AgViN0JqQq,USA
PUNEHA INC,,AgViN0JqQq,USA
KIDS CENTER,,AgViN0JqQq,USA
LA MAG CORP,LAMAGCORP@GMAIL.COM,AgViN0JqQq,USA
AMIGA SHOES FACTORY,,AgViN0JqQq,USA
ADRIENNE,ADRIENNECLOTHING@YAHOO.COM,AgViN0JqQq,USA
SPRINGLAND INTL,,AgViN0JqQq,USA
H&K,,AgViN0JqQq,USA
NEW TECH DISPLAY,INFO@NEWTECHDISPLAY.COM,AgViN0JqQq,USA
JEAN 9 USA,JEAN9USA@GMAIL.COM,AgViN0JqQq,USA
VIVIEN CA,,AgViN0JqQq,USA
G&C USA TRADING,SALES@GCFASHIONHANDBAGS.COM,AgViN0JqQq,USA
JUN & MIN,,AgViN0JqQq,USA
123 GROUP INC,,AgViN0JqQq,USA
2B CLOTHING,my2bclothing@yahoo.com,AgViN0JqQq,USA
2 FABULOUS,,AgViN0JqQq,USA
2 HEARTS,la2hearts@yahoo.com,AgViN0JqQq,USA
24-7,,AgViN0JqQq,USA
26 INTERNATIONAL INC,MARIO@26INTERNATIONAL.COM,AgViN0JqQq,USA
36.5,a36pointfive@gmail.com,AgViN0JqQq,USA
4TH DIMENSION,,AgViN0JqQq,USA
ABC FASHION,,AgViN0JqQq,USA
ABC KIDS,info@abckidsclothing.com,AgViN0JqQq,USA
ABM JEANS,lisitu7231@yahoo.com,AgViN0JqQq,USA
ACE COLLECTION,,AgViN0JqQq,USA
ACTIVE USA,LISA@ACTIVEUSAINC.NET,AgViN0JqQq,USA
ADAM AND EVE CLOTHING,,AgViN0JqQq,USA
ADRIANAS FASHION,GRANDPEX719@YAHOO.COM,AgViN0JqQq,USA
ADRIENNE,,AgViN0JqQq,USA
AGGIE,sam.aggiefashion@gmail.com,AgViN0JqQq,USA
AGN (AMERICAN GARMENT NETWORK),,AgViN0JqQq,USA
AHOPORA,,AgViN0JqQq,USA
ALEGRIA IMPORTS,alegriaimports@att.net,AgViN0JqQq,USA
ALYSSA FASHION CLOTHING,alyssafashion.clothing@gmail.com,AgViN0JqQq,USA
AMAZING GRACE,amazinggraceapa@gmail.com,AgViN0JqQq,USA
AMERICANA,,AgViN0JqQq,USA
AMW APPAREL INC,sam@amwapparel.com,AgViN0JqQq,USA
ANABEL COLLECTION,omar@anabelconnection.com,AgViN0JqQq,USA
ANDREE,mariak.unitfashion@gmail.com,AgViN0JqQq,USA
ANGELS GARMENT,,AgViN0JqQq,USA
APHRODITE,omar@kratein.net,AgViN0JqQq,USA
APPAREL AVE,labijou@live.com,AgViN0JqQq,USA
AREYAN KIDS,,AgViN0JqQq,USA
ARIA,,AgViN0JqQq,USA
ARIELLA,ariellafashion@aol.com,AgViN0JqQq,USA
ASPEED,ASPEEDUSA@GMAIL.COM,AgViN0JqQq,USA
ASSA CLOTHING,assaclothing@gmail.com,AgViN0JqQq,USA
AUDREY,audrey3plus1@hotmail.com,AgViN0JqQq,USA
AVITAL,avitalfashion@sbcglobal.net,AgViN0JqQq,USA
B&J JEANS,,AgViN0JqQq,USA
BCBE,,AgViN0JqQq,USA
BACKSTAGE,denjoyfashion@gmail.com,AgViN0JqQq,USA
BAY APPAREL,,AgViN0JqQq,USA
BEKKA FASHION,bekkafashion@live.com,AgViN0JqQq,USA
BELINDA CROCKER,JOHN.BLINC@GMAIL.COM,AgViN0JqQq,USA
BELLA D,belladstore@gmail.com,AgViN0JqQq,USA
B ENVIED,,AgViN0JqQq,USA
BETTER BE,betterbeinc@hotmail.com,AgViN0JqQq,USA
BIKI,,AgViN0JqQq,USA
BIZZO MENS WEAR,,AgViN0JqQq,USA
BLISS,,AgViN0JqQq,USA
BLUE JEAN,,AgViN0JqQq,USA
BLUE NOTE,bluenote1004@gmail.com,AgViN0JqQq,USA
BLUE SKETCH,,AgViN0JqQq,USA
BLUE BELL,bluebellthebest@gmail.com,AgViN0JqQq,USA
BOA STYLE,boastyleusa@gmail.com,AgViN0JqQq,USA
BOHO CHIC,sales@bohochic.co,AgViN0JqQq,USA
E&M,SALES@ENMCOUTURE.COM,AgViN0JqQq,USA
MINE,JASON.J@EDGEMINE.COM,AgViN0JqQq,USA
BOLD AND BEAUTIFUL,,AgViN0JqQq,USA
B-ONE,,AgViN0JqQq,USA
BOO BOO JEANS,sradni@yahoo.com,AgViN0JqQq,USA
BOZZOLO,,AgViN0JqQq,USA
BUBBLE B,bubblebplus@gmail.com,AgViN0JqQq,USA
CAL TOP,,AgViN0JqQq,USA
CANDY GIRL,,AgViN0JqQq,USA
CANTATA,,AgViN0JqQq,USA
CARINA FASHION,carinafsla@gmail.com,AgViN0JqQq,USA
CARMIN,,AgViN0JqQq,USA
CAROLINA COLLECTION,CAROLINACOLLECTION@YAHOO.COM,AgViN0JqQq,USA
CASALEE APPAREL,,AgViN0JqQq,USA
BONA KIDS,,AgViN0JqQq,USA
CATWALK STUDIO,CATWALKSTUDIO1015@GMAIL.COM,AgViN0JqQq,USA
BANANA USA,BANANAUSA213@GMAIL.COM,AgViN0JqQq,USA
CECI,,AgViN0JqQq,USA
CEFIAN,cefiansales2@gmail.com,AgViN0JqQq,USA
CELAVIE,,AgViN0JqQq,USA
CELEBRITY PINK,veronica@celebritypink.usa.com,AgViN0JqQq,USA
CELINE,,AgViN0JqQq,USA
CEMI CERI,sales@cemiceri.com,AgViN0JqQq,USA
B SHARP,,AgViN0JqQq,USA
CENTRAL 25,FSCENTRAL25@HOTMAIL.COM,AgViN0JqQq,USA
CERES,,AgViN0JqQq,USA
CESEM,robertochung.cesem@gmail.com,AgViN0JqQq,USA
GJG DENIM,GJGJEANS@YAHOO.COM,AgViN0JqQq,USA
CEST TOI,amy@cesttoi.com,AgViN0JqQq,USA
SOLO LA FE,LAFESOLO@GMAIL.COM,AgViN0JqQq,USA
UPS MAIL,,AgViN0JqQq,USA
APRIL,aprilfashion@hotmail.com,AgViN0JqQq,USA
BLEU JEANS,BLEUJEANSUSA@YAHOO.COM,AgViN0JqQq,USA
CHEBERY,CHEBERYUSA@GMAIL.COM,AgViN0JqQq,USA
CHECK IT OUT,CHECKITOUTPLUS@GMAIL.COM,AgViN0JqQq,USA
CHEEKY,jwoo.cheeky@gmail.com,AgViN0JqQq,USA
CHERRY MELLOW,cherrymellowla@hotmail.com,AgViN0JqQq,USA
CHICAS FASHION,CHICASFASHION@GMAIL.COM,AgViN0JqQq,USA
CHIQLE,DANIEL@CHIQLE.COM,AgViN0JqQq,USA
CHOCOLATE,chocolateusala@gmail.com,AgViN0JqQq,USA
FEDEX,,AgViN0JqQq,USA
FELIX CHEVROLET,,AgViN0JqQq,USA
CHOICE,choiceusa888@gmail.com,AgViN0JqQq,USA
CHRIS & CAROL APPAREL,,AgViN0JqQq,USA
CISONO,E.CISONO@GMAIL.COM,AgViN0JqQq,USA
CINDERELLA,,AgViN0JqQq,USA
CINDERELLA DIVINE,cinderellaorder@yahoo.com,AgViN0JqQq,USA
CITY POCKET,citypocketfashion@gmail.com,AgViN0JqQq,USA
CLARA FASHION,clarafashion1113@gmail.com,AgViN0JqQq,USA
CLEO APPAREL,kevin.koh@cleopatrausa.com,AgViN0JqQq,USA
CLEOS,,AgViN0JqQq,USA
CLONE,,AgViN0JqQq,USA
CLUB 408,,AgViN0JqQq,USA
CO & CO PARIS,,AgViN0JqQq,USA
COALITION,,AgViN0JqQq,USA
COCO AVANTE,cocoavant@hotmail.com,AgViN0JqQq,USA
COCO CASUAL,COCOCASUAL@HOTMAIL.COM,AgViN0JqQq,USA
POETRY,DAVID.POETRYLA@GMAIL.COM,AgViN0JqQq,USA
COCO ROJA,,AgViN0JqQq,USA
COLLECTIVE CONCEPTS,jessie@collectiveconcepts.net,AgViN0JqQq,USA
COMME TOI,commetoi.la@gmail.com,AgViN0JqQq,USA
COTTON CANDY,COTTONCANDYLA@GMAIL.COM,AgViN0JqQq,USA
COTY COLLECTION,,AgViN0JqQq,USA
COZY,,AgViN0JqQq,USA
CRECE,CRECE2011@YAHOO.COM,AgViN0JqQq,USA
CRIMSON IVY,,AgViN0JqQq,USA
CRISTINA,CRISTINACLOTHINGR24@YAHOO.COM,AgViN0JqQq,USA
CRUSH,,AgViN0JqQq,USA
VIVA YOU,VIVAYOU.LA@GMAIL.COM,AgViN0JqQq,USA
CUTIE PATOOTIE,,AgViN0JqQq,USA
SABORA FASHION,,AgViN0JqQq,USA
D FUZ,,AgViN0JqQq,USA
JUDY BLUE JEAN,DANIEL@JUDYBLUEJEANS.COM,AgViN0JqQq,USA
DAGACCI,,AgViN0JqQq,USA
DAISY,,AgViN0JqQq,USA
DANCING QUEEN,dancingqueendress@gmail.com,AgViN0JqQq,USA
DANI COLLECTION,INFO@DANICOLLECTION.COM,AgViN0JqQq,USA
FASHION & FASHION,FASHIONFASHION1188C@GMAIL.COM,AgViN0JqQq,USA
RUBY ROSE,,AgViN0JqQq,USA
DANIEL,DANIELJEANS@YAHOO.COM,AgViN0JqQq,USA
DAVIDA,davida1188@sbcglobal.net,AgViN0JqQq,USA
EPRIS,,AgViN0JqQq,USA
BIEN BIEN,bienbien948@gmail.com,AgViN0JqQq,USA
MADISON PAIGE,,AgViN0JqQq,USA
GESO JEANS,,AgViN0JqQq,USA
MISS CALIFORNIA,MISSCALIUSA1@GMAIL.COM,AgViN0JqQq,USA
CATRACHO,JAVIAL1981@GMAIL.COM,AgViN0JqQq,USA
INTRO,DAVID.CORTEZ@ITZMEJEANSUSA.COM,AgViN0JqQq,USA
EVEREST TRADING,CUSTOMERSERVICE@EVERESTBAG.COM,AgViN0JqQq,USA
BELLA K WHOLESALE,BELLAKWHOLESALE@GMAIL.COM,AgViN0JqQq,USA
OLINDA,OLINDA.USA.FASHION@GMAIL.COM,AgViN0JqQq,USA
SACE,SACEFASHIONUSA@GMAIL.COM,AgViN0JqQq,USA
SARAH LA,,AgViN0JqQq,USA
FREE CULTURE,,AgViN0JqQq,USA
EVERMOUR,EVERMOUR@GMAIL.COM,AgViN0JqQq,USA
XTAREN,sales@xtaren.com,AgViN0JqQq,USA
NEW SHINE,ANACHUNG@MSN.COM,AgViN0JqQq,USA
LOVE TREE,,AgViN0JqQq,USA
CALS COLLECTION,CALSCOLLECTION@HOTMAIL.COM,AgViN0JqQq,USA
K TOO,SALES@KTOOUSA.COM,AgViN0JqQq,USA
GIBSON OVERSEAS,,AgViN0JqQq,USA
USPS MAIL,NA,AgViN0JqQq,USA
SJL APPAREL,MEGALINEAPPAREL@GMAIL.COM,AgViN0JqQq,USA
LOTUS,HIDDENLOTUS505@GMAIL.COM,AgViN0JqQq,USA
MAPSI  USA,MAPSIUSA@YAHOO.COM,AgViN0JqQq,USA
JRB COLLECTION,JRBCOLL@AOL.COM,AgViN0JqQq,USA
FASHION FOREVER,SPICYGIRLFASHIONS168@GMAIL.COM,AgViN0JqQq,USA
TOP10,,AgViN0JqQq,USA
FASHION MAGAZINE,,AgViN0JqQq,USA
TOSKA,JOSUE@TOSKACLOTHING.COM,AgViN0JqQq,USA
BEST SHOES,,AgViN0JqQq,USA
SOLUTION,SOLUTIONOXIJEANS@SBCGLOBAL.NET,AgViN0JqQq,USA
NIC JO,,AgViN0JqQq,USA
JC FASHION,JCFASHION430@GMAIL.COM,AgViN0JqQq,USA
ASIA PACIFIC TRADING,ASIAPACIFIC@SBCGLOGAL.NET,AgViN0JqQq,USA
JW SIGNATURE,,AgViN0JqQq,USA
THE HANGER,THEHANGER.SALES@GMAIL.COM,AgViN0JqQq,USA
DYUKI,DYUKIUSA@GMAIL.COM,AgViN0JqQq,USA
IN STYLE,INSTYLE1015@GMAIL.COM,AgViN0JqQq,USA
STYLE RACK,,AgViN0JqQq,USA
PEPPE PELUSO STUDIO,peppepelusostudio@hotmail.com,AgViN0JqQq,USA
IRIS BASIC,sales@irisbasic.com,AgViN0JqQq,USA
SH TRADING,,AgViN0JqQq,USA
DNA COUTURE,albertlee@me.com,AgViN0JqQq,USA
COLOR STORY,,AgViN0JqQq,USA
J&S FASHION,,AgViN0JqQq,USA
WINGAR INDUSTRIAL,,AgViN0JqQq,USA
SONIA LINGIRIE,SONIALINGIRIE88@YAHOO.COM,AgViN0JqQq,USA
LOLA SHOETIQUE,CUSTOMERCARE@LOLASHOETIQUE.COM,AgViN0JqQq,USA
THE VINTAGE SHOP,,AgViN0JqQq,USA
HEART & HIPS,,AgViN0JqQq,USA
SUN UP,,AgViN0JqQq,USA
ULTIMATE OFFPRICE,,AgViN0JqQq,USA
LASONIA,SALES@LASONIA.COM,AgViN0JqQq,USA
ANEMONE CORP,,AgViN0JqQq,USA
RAMONAS,RAMONAFASHIONS78@YAHOO.COM,AgViN0JqQq,USA
CONSTANT TRADING,,AgViN0JqQq,USA
SIMPLY YOU,SIMPLYYOUWHOLESALE@HOTMAIL.COM,AgViN0JqQq,USA
MOJO,FASHION.MOJO@HOTMAIL.COM,AgViN0JqQq,USA
WATCH LA,WATCHLAJEANS@YAHOO.COM,AgViN0JqQq,USA
HEELS SHOES,HEELSFOOTWEAR@YAHOO.COM,AgViN0JqQq,USA
HUG,,AgViN0JqQq,USA
LA FESTA,DOOLYUS@GMAIL.COM,AgViN0JqQq,USA
ON TWELFTH,ON12TH@GMAIL.COM,AgViN0JqQq,USA
BRAVO LINGIRIE,BRAVOLINGIRIE@YAHOO.COM,AgViN0JqQq,USA
BONIBON KIDS,BBSK9679@GMAIL.COM,AgViN0JqQq,VENEZUELA
XENA APPAREL,xenaaparel@yahoo.com,AgViN0JqQq,USA
UPTOWN FASHION,UPTOWNLOSANGELES@GMAIL.COM,AgViN0JqQq,USA
NEW BELL 1,newbell_1@yahoo.com,AgViN0JqQq,USA
LAUREN HANDBAGS,,AgViN0JqQq,USA
PERSONAL,NA,AgViN0JqQq,USA
LOVE IT,LOVE21APPAREL@GMAIL.COM,AgViN0JqQq,USA
PONNY TAIL,ponnytailinc@gmail.com,AgViN0JqQq,USA
WESTWOOD FOOTWEAR,,AgViN0JqQq,USA
MASOI JEANS,MASOIJEANS@HOTMAIL.COM,AgViN0JqQq,USA
MNS HANDBAGS,SALE@MNSHANDBAG.COM,AgViN0JqQq,USA
LEYVAS,LEYVASUSA@YAHOO.COM,AgViN0JqQq,USA
LARA FASHION,INFO@LARAFASHION.US,AgViN0JqQq,USA
LA REYNA,LAREYNA.USA@GMAIL.COM,AgViN0JqQq,VENEZUELA
GRAND ORIENTAL,GRAND_ORIENTAL@HOTMAIL.COM,AgViN0JqQq,USA
PYRAMIDE FASHION,PYrAMIDEFASHION@YAHOO.COM,AgViN0JqQq,USA
ROMANCE COUTURE,SALES@ROMANCECOUTUREDRESSES.COM,AgViN0JqQq,USA
LIBIAN,LIBIANPLUS@GMAIL.COM,AgViN0JqQq,USA
FOR ME JEANS,,AgViN0JqQq,USA
LINE UP,LINEUP_LINEUP@YAHOO.COM,AgViN0JqQq,USA
NIKI BIKI,SWOWROOM@NIKIBIKI.COM,AgViN0JqQq,VENEZUELA
DECO STYLE,,AgViN0JqQq,USA
BELOVED,BELOVEDCOLLECTIONINC@GMAIL.COM,AgViN0JqQq,USA
FE FOREVER,feusa2012@yahoo.com,AgViN0JqQq,USA
PASTEL DESIGN,pasteldesign@sbcglobal.net,AgViN0JqQq,USA
KAFE,KAFE.DESIGN@YAHOO.COM,AgViN0JqQq,USA
LABANGA,,AgViN0JqQq,USA
TOPIA,TOPIA-JACKEY@HOTMAIL.COM,AgViN0JqQq,USA
WISHLIST,WISHLIST11100@OUTLOOK.COM,AgViN0JqQq,USA
AMBIANCE,rajiv.phcuracao@gmail.com,AgViN0JqQq,USA
BLUE S,SALES@BLUESLAINC.COM,AgViN0JqQq,USA
HWA APPAREL,HWAAPPAREL@GMAIL.COM,AgViN0JqQq,USA
POP UP,POPUPUSA@HOTMAIL.COM,AgViN0JqQq,USA
PROFILE,,AgViN0JqQq,USA
RICO JEANS,RICOJEANUSA@GMAIL.COM,AgViN0JqQq,USA
VIRGIN ONLY,VIRGINONLYJEANS@GMAIL.COM,AgViN0JqQq,USA
CACHE BOUTIQUE,CASACACHE@GMAIL.COM,AgViN0JqQq,USA
GIBIU,,AgViN0JqQq,USA
ZENANA,ZENANA@FASHIONGO.NET,AgViN0JqQq,USA
MACHINE JEANS,christian@machinejean.com,AgViN0JqQq,USA
SMILE,,AgViN0JqQq,USA
KAFE,,AgViN0JqQq,USA
TOP CHIC,,AgViN0JqQq,USA
BONAGE USA,ALBANY@BONAGEUSA.COM,AgViN0JqQq,USA
ITZ ME,david.cortez@itzmejeansusa.com,AgViN0JqQq,USA
MINIMI,,AgViN0JqQq,USA
DIVA USA,jhong1966@gmail.com,AgViN0JqQq,USA
FCCC,FIRSTCHOICEOFLA@GMAIL.COM,AgViN0JqQq,USA
DAY & NIGHT,INFO@DAYNIGHTCLOTHING.COM,AgViN0JqQq,USA
LA IDOL,,AgViN0JqQq,USA
ANGELA FASHION,,AgViN0JqQq,USA
WISE AND PRETTY,,AgViN0JqQq,USA
TURNING POINT,TPWHOLESALEUSA@GMAIL.COM,AgViN0JqQq,USA
DEBRAN,DEBRANUSA@GMAIL.COM,AgViN0JqQq,USA
MAITE USA,MAITEUSA@YMAIL.COM,AgViN0JqQq,USA
TIENDA DE PRUEBA,,AgViN0JqQq,USA
SUNNY SHOES,,AgViN0JqQq,USA
BOLD AND BEAUTIFUL,bharmeshrs@gmail.com,AgViN0JqQq,USA
STYLE IN USA,,AgViN0JqQq,USA
FASHION MODEL,modelclothing@hotmail.com,AgViN0JqQq,USA
KINGS SPORTWEAR,LAKINGSPORTS@GMAIL.COM,AgViN0JqQq,USA
MARIA BONITA,SALES@MARIABONITAUSA.COM,AgViN0JqQq,USA
LA SCALA,DAN7812@HOTMAIL.COM,AgViN0JqQq,USA
BAG STIGE,,AgViN0JqQq,USA
UNO CORE,ahoyfashion@aol.com,AgViN0JqQq,USA
FAISCA,FAISCASHOWROOM@GMAIL.COM,AgViN0JqQq,USA
24-7,,AgViN0JqQq,USA
GRIFFLIN,,AgViN0JqQq,USA
DYNASTY FASHION,,AgViN0JqQq,USA
JUNO COLLECTION,,AgViN0JqQq,USA
CECICO,,AgViN0JqQq,USA
ELIZABETH PLUS,,AgViN0JqQq,USA
SUPERLINE,,AgViN0JqQq,USA
CAPE ROBBIN INC,,AgViN0JqQq,USA
ORANGE,ORANGELA@LIVE.COM,AgViN0JqQq,USA
AUDITIONS FASHION,,AgViN0JqQq,USA
PEPE PELUSO,,AgViN0JqQq,VENEZUELA
LEMON USA,,AgViN0JqQq,USA
FABIOLA,FASHIONFABIOLA@GMAIL.COM,AgViN0JqQq,USA
TOSCA HANDBAGS,,AgViN0JqQq,USA
SUP TRADING INC,NA,AgViN0JqQq,USA
FANNY FASHION,fannyla@gmail.com,AgViN0JqQq,USA
DND FASHION,,AgViN0JqQq,USA
S&G APPAREL,,AgViN0JqQq,USA
MISS MORENA,,AgViN0JqQq,USA
CAMEO,FASHIONCAMEO@HOTMAIL.COM,AgViN0JqQq,USA
YMI JEANS,BETH@YMISTORE.COM,AgViN0JqQq,USA
FASHION AVENUE,avenuecollectionsla@gmail.com,AgViN0JqQq,USA
AIR RIDE INTL CORP,,AgViN0JqQq,USA
BLUE SKY,,AgViN0JqQq,USA
CPC ARDOR,,AgViN0JqQq,USA
ANNABELLE,SUPPORT@ANNABELLELA.COM,AgViN0JqQq,USA
MISS KELLY,MISSKELLLY1999@HOTMAIL.COM,AgViN0JqQq,USA
FASHION ONE,FASHIONCHOI@YAHOO.COM,AgViN0JqQq,USA
OH MY JULIAN,HADYMAJANO@OHMYJULIAN.COM,AgViN0JqQq,USA
CASTING LA,,AgViN0JqQq,USA
IMPULSE,,AgViN0JqQq,USA
FASHION WORLD,CUSTOMER@HANDBAGFASHION.COM,AgViN0JqQq,USA
STYLE ME,styleme_213@YAHOO.COM,AgViN0JqQq,USA
HD ACCESSORIES,,AgViN0JqQq,USA
MISS K FASHION,misskclothing@gmail.com,AgViN0JqQq,USA
SUCCESS,,AgViN0JqQq,USA
LOT APPAREL,LOTAPPAREL@YAHOO.COM,AgViN0JqQq,USA
LA DISPLAY FIXTURE,,AgViN0JqQq,USA
REPETTO,,AgViN0JqQq,USA
LYDC LONDON,,AgViN0JqQq,USA
HAI MAO,,AgViN0JqQq,USA
KESSLEY,KESSLEY@LIVE.COM,AgViN0JqQq,USA
H&G APPAREL,,AgViN0JqQq,USA
PALACIO USA,,AgViN0JqQq,USA
NARANKA,narankaimport@gmail.com,AgViN0JqQq,USA
LOLA,,AgViN0JqQq,USA
YOYO5,YOYO5SALES@GMAIL.COM,AgViN0JqQq,USA
LAUREN N CLAIRE,,AgViN0JqQq,USA
DRESSCODE LA,DRESSCODELOSANGELES@OUTLOOK.COM,AgViN0JqQq,USA
MISSY USA,MISSYUSA21@GMAIL.COM,AgViN0JqQq,USA
THE CLASSIC,store@lovetheclassic.com,AgViN0JqQq,USA
CAPRICHO,,AgViN0JqQq,USA
TOO MI,,AgViN0JqQq,USA
LIZETTE COLLECTION,,AgViN0JqQq,USA
DOLLAR FASHION,,AgViN0JqQq,USA
SYLC CAMISA,SYLCCAMISA@GMAIL.COM,AgViN0JqQq,USA
STYLISH,,AgViN0JqQq,USA
SUGAR,,AgViN0JqQq,USA
JCJQ INC,SALE@JCJQJEANS.COM,AgViN0JqQq,USA
MON AMI,,AgViN0JqQq,USA
POPULAR BASICS,INFO@POPULARBASICS.COM,AgViN0JqQq,USA
I TOO,winpecas@yahoo.com,AgViN0JqQq,USA
MOON RIVER FASHION,moonriverfashion@gmail.com,AgViN0JqQq,USA
MC DISPLAY,MARIOALVARADU@HOTMAIL.COM,AgViN0JqQq,USA
VIZIO,viziofashion@yahoo.com,AgViN0JqQq,USA
SYZE,,AgViN0JqQq,USA
PARADIS MISS,myparadismiss@gmail.com,AgViN0JqQq,USA
NAKED ZEBRA,ivan@jjapparelgroup.com,AgViN0JqQq,USA
BON AMI,,AgViN0JqQq,USA
MANZANA,,AgViN0JqQq,USA
NEW YORKER APPAREL,,AgViN0JqQq,USA
NINA PIU,NINAPIUFASHION@YAHOO.COM,AgViN0JqQq,USA
HL FASHION,HOSTLINKAMERICA@GMAIL.COM,AgViN0JqQq,TRINIDAD
WHITE DIAMONDS,MAIL@RAVIKHOSLA.COM,AgViN0JqQq,USA
IMAGINE,IMAGINE1FASHION@HOTMAIL.COM,AgViN0JqQq,USA
L LOVE,DANIEL.LEELOVE123@GMAIL.COM,AgViN0JqQq,USA
ENLIN,ENLINFASHION@HOTMAIL.COM,AgViN0JqQq,USA
PECAS COLLECTION,BLUE.TONY@HOTMAIL.COM,AgViN0JqQq,USA
ICON DISPLAY,ICONDISPLAYINC@GMAIL.COM,AgViN0JqQq,USA
KARYS FS,KARYS_FASHION@ATT.NET,AgViN0JqQq,USA
DOUBLE U,DOUBLEULA@YAHOO.COM,AgViN0JqQq,USA
KATE COLLECTION,KATECOLLECTION@HOTMAIL.COM,AgViN0JqQq,USA
CENIT,,AgViN0JqQq,USA
JOYMAX TRADING,,AgViN0JqQq,USA
FUEGO TOO,FUEGOTOO@GMAIL.COM,AgViN0JqQq,USA
ENTRO INC,,AgViN0JqQq,USA
LA CONCEPTS JEANSWEAR,LACONCEPTS@HOTMAIL.COM,AgViN0JqQq,USA
LA MAG CORP,LAMAGCORP@GMAIL.COM,AgViN0JqQq,USA
JOIA ACCESSORIES,,AgViN0JqQq,USA
JAVIER IZAGUIRRE,JAVIAL1981@GMAIL.COM,AgViN0JqQq,USA
SIMPLE TEX,,AgViN0JqQq,USA
JOIA HANDBAGS,JOIABAG@ATT.NET,AgViN0JqQq,USA
UNITED KIDS,UNITEDKIDSINC@YAHOO.COM,AgViN0JqQq,USA
TEAN CUP,,AgViN0JqQq,USA
BANABEE,,AgViN0JqQq,USA
SHARON MAX,,AgViN0JqQq,USA
TOMORROW A,tomorrowfs@gmail.com,AgViN0JqQq,USA
VERTY,SALES@VERTYINC.COM,AgViN0JqQq,USA
MARINE BLU,INFO@MARINEBLUSTYLE.COM,AgViN0JqQq,USA
J SECRET,,AgViN0JqQq,USA
TOP FASHION,TOPFASHIONCORP@YAHOO.COM,AgViN0JqQq,USA
DIAL INDUSTRIES,,AgViN0JqQq,USA
LOVE STITCH,,AgViN0JqQq,USA
IXIA,,AgViN0JqQq,USA
UNIQUE 21,,AgViN0JqQq,USA
MICARGI INDUSTRIES,,AgViN0JqQq,USA
JOOMPY,PURY36@GMAIL.COM,AgViN0JqQq,USA
ZENOBIA,ZENOBIAFASHION@YAHOO.COM,AgViN0JqQq,USA
K LEE,K.LEESEAM@GMAIL.COM,AgViN0JqQq,USA
COLOR 5,COLOR5@YAHOO.COM,AgViN0JqQq,USA
LA DISPLAY,ORDER@LADISPLAY.COM,AgViN0JqQq,USA
LULUMARI,,AgViN0JqQq,USA
BEST FIT INTERNATIONAL,,AgViN0JqQq,USA
KIMERA INTERNATIONAL,SALES@LILIANASHOES.COM,AgViN0JqQq,USA
NOBLE U,,AgViN0JqQq,USA
ALLALY GROUP,UNIWAYJS@GMAIL.COM,AgViN0JqQq,USA
JACARANDA,,AgViN0JqQq,USA
DEL CESCA,,AgViN0JqQq,USA
MI IN FASHION,,AgViN0JqQq,USA
DEANA USA,DEANAUSA.LA@GMAIL.COM,AgViN0JqQq,USA
ROCK N ROSE,,AgViN0JqQq,USA
LA BES,LABESUSA@GMAIL.COM,AgViN0JqQq,USA
POINT FASHION,POINTFASHION07@GMAIL.COM,AgViN0JqQq,USA
ROUTE 3,ROUTE3.FASHION@GMAIL.COM,AgViN0JqQq,USA
GLAMAZON,,AgViN0JqQq,USA
NINA ROSSI,SALES@NINAROSSI.COM,AgViN0JqQq,USA
NEW MOA,MOAUSA77@YAHOO.COM,AgViN0JqQq,USA
CY FASHION,cyfashion142@yahoo.com,AgViN0JqQq,USA
INA FASHION,SALES.INA.SHOWROOM@GMAIL.COM,AgViN0JqQq,USA
DAZZ FASHION USA,reno785@gmail.com,AgViN0JqQq,USA
VALENTINE,YUNGHEE0725@GMAIL.COM,AgViN0JqQq,USA
CIELO JEANS,HSCLOTHING@HOTMAIL.COM,AgViN0JqQq,USA
SWOON,,AgViN0JqQq,USA
ANGELA COLLECTION,,AgViN0JqQq,USA
LUMIERE COLECTIONS,,AgViN0JqQq,USA
KITENG,kiteng168@hotmail.com,AgViN0JqQq,USA
BUZZ,,AgViN0JqQq,VENEZUELA
URBAN X,,AgViN0JqQq,VENEZUELA
LOVE IN,,AgViN0JqQq,VENEZUELA
S&S,,AgViN0JqQq,USA
COTY COLLECTION,,AgViN0JqQq,VENEZUELA
JW MAXX,jwmaxx626@gmail.com,AgViN0JqQq,VENEZUELA
LEGEND FOOTWEAR,,AgViN0JqQq,USA
UNITS FASHION,,AgViN0JqQq,USA
GOLDEN ISLAND,,AgViN0JqQq,USA
MITTO,,AgViN0JqQq,USA
JOLIE LA,somales@jolieonline.com,AgViN0JqQq,USA
NYLON,,AgViN0JqQq,USA
G&J SPORT,,AgViN0JqQq,USA
WILCAT,,AgViN0JqQq,USA
WIN WIN,ACEWINWIN@GMAIL.COM,AgViN0JqQq,USA
SACE,,AgViN0JqQq,USA
JOY & CO,,AgViN0JqQq,USA
ROCKLAND GROUP,,AgViN0JqQq,USA
TOPPING,,AgViN0JqQq,USA
YA,,AgViN0JqQq,USA
FLAMINGO,,AgViN0JqQq,USA
CATD,,AgViN0JqQq,USA
MICHELLE,,AgViN0JqQq,USA
REVE,,AgViN0JqQq,USA
D YUKI,,AgViN0JqQq,USA
LESHOP,,AgViN0JqQq,USA
CELLO JEANS,,AgViN0JqQq,USA
LATISTE,,AgViN0JqQq,USA
DO&BE,,AgViN0JqQq,USA
IT CLOSET,seanthul@hotmail.com,AgViN0JqQq,USA
ESLEY,,AgViN0JqQq,USA
SEDUZIONE,,AgViN0JqQq,USA
ALYTHEA,,AgViN0JqQq,USA
LOVELY DAY,LOVELYDAYFASHION@YAHOO.COM,AgViN0JqQq,USA
MD FASHION,,AgViN0JqQq,USA
UNIVERSAL LOGISTICS,,AgViN0JqQq,USA
SOPRANO,,AgViN0JqQq,USA
UNO HOSIERY,danielchang@unihosiery.com,AgViN0JqQq,USA
M MASS,M.MASS2828@GMAIL.COM,AgViN0JqQq,USA
MUSTARD SEED,MUSTARDSEEDLA@GMAIL.COM,AgViN0JqQq,USA
NEW MODE,NEWMODEJABA2@YAHOO.COM,AgViN0JqQq,USA
J-W-T,,AgViN0JqQq,USA
KCN ENTERPRISES INC,kcnenterprises2000@yahoo.com,AgViN0JqQq,USA
DO & BE,DOANDBEFASHION@YAHOO.COM,AgViN0JqQq,USA
QT FASHION,QT_MATERNITY@HOTMAIL.COM,AgViN0JqQq,USA
QT FASHION,,AgViN0JqQq,USA
LA IMPORT INC,yawen2000@gmail.com,AgViN0JqQq,USA
TRY NOW,antoniogomez503@yahoo.com,AgViN0JqQq,USA
WONKY,wonkyusa@gmail.com,AgViN0JqQq,USA
ROCKIN TOWN,ROCKINTOWNLA@GMAIL.COM,AgViN0JqQq,USA
LA SUIT OUTLET,lasuitoutlet@hotmail.com,AgViN0JqQq,USA
ART PLUS,ARTPLUSUSA@ATT.NET,AgViN0JqQq,USA
MY FASHION,mymyfas@aol.com,AgViN0JqQq,USA
CACTUS FASHION,,AgViN0JqQq,USA
MUST HAVE,MUST.HAVE16@YAHOO.COM,AgViN0JqQq,USA
EAST WEST FASHION,,AgViN0JqQq,USA
POL CLOTHING,mchellepolclothing@gmail.com,AgViN0JqQq,USA
PEER JS,PEER505@YAHOO.COM,AgViN0JqQq,USA
DOREETA COLLECTIONS,SOCCERSIA@AOL.COM,AgViN0JqQq,USA
FABI COLLECTION,FABICOLLECTION@HOTMAIL.COM,AgViN0JqQq,USA
JANICE FASHION,janice.danny@gmail.com,AgViN0JqQq,USA
JANETTE PLUS,JPLUS@YAHOO.COM,AgViN0JqQq,USA
VICTORIA FASHION,victoriafashionc@aol.com,AgViN0JqQq,USA
IXIA,,AgViN0JqQq,USA
UNIK,,AgViN0JqQq,USA
SORMANI,SORMANIFASHION@HOTMAIL.COM,AgViN0JqQq,USA
SP DISPLAY,,AgViN0JqQq,USA
TWO BEE,EDDIECHO121@GMAIL.COM,AgViN0JqQq,USA
VAVA VOOM,,AgViN0JqQq,USA
G AND J SPORT,,AgViN0JqQq,USA
PRISTINE,,AgViN0JqQq,USA
TCEC,SHOP@TCECDESIGN.COM,AgViN0JqQq,USA
TOBY BOYS,tobyboyz.com,AgViN0JqQq,USA
LOVE SONG,,AgViN0JqQq,USA
JAJA COLLECTION,JAJANCO@HOTMAIL.COM,AgViN0JqQq,USA
DEPRI,DEPRIINC@GMAIL.COM,AgViN0JqQq,USA
GENELLI,OMID4445@YAHOO.COM,AgViN0JqQq,USA
ICCO,ICCOACCESSORIES@GMAIL.COM,AgViN0JqQq,USA
ICON,ICONDESIGNLA@HOTMAIL.COM,AgViN0JqQq,USA
ANGEL FASHION,FARZAD100@HOTMAIL.COM,AgViN0JqQq,USA
NESLAY DESIGN,NESLAYDESIGNER@GMAIL.COM,AgViN0JqQq,USA
DENIM BLVD,DENIMBLVD@GMAIL.COM,AgViN0JqQq,VENEZUELA
KIDS BRAND,,AgViN0JqQq,USA
3A THREND SUPLY,,AgViN0JqQq,USA
AMA GLOBAL INC,svc.amaglobal@gmail.com,AgViN0JqQq,USA
LA MODE,lamode310@hotmail.com,AgViN0JqQq,USA
SWEET RAIN,info@sweetrainapparel.com,AgViN0JqQq,USA
MISHA FASHION,,AgViN0JqQq,USA
VICCI VICCI,,AgViN0JqQq,USA
LAKHANI,juan.lakhani@gmail.com,AgViN0JqQq,USA
CAPRI,CAPRIUSA8@YAHOO.COM,AgViN0JqQq,USA
MUST HAVE,,AgViN0JqQq,USA
MUSTH HAVE,,AgViN0JqQq,USA
DANIEL JEANS,danieljeans@yahoo.com,AgViN0JqQq,USA
AMERICAN BAZI,,AgViN0JqQq,USA
KIDS HAVEN,,AgViN0JqQq,USA
FOUGER,,AgViN0JqQq,USA
KORUS,,AgViN0JqQq,USA
UNION IMPORTS,,AgViN0JqQq,USA
ANABELLE,,AgViN0JqQq,USA
HOT KIDS,,AgViN0JqQq,USA
SINAI KIDS,,AgViN0JqQq,USA
BELLA FASHION SHOES,,AgViN0JqQq,USA
HIMEX,,AgViN0JqQq,USA
PURE HYPE,,AgViN0JqQq,USA
BLUES,,AgViN0JqQq,USA
S&G APPAREL,,AgViN0JqQq,USA
ESSENTIAL,,AgViN0JqQq,USA
PINKLICIOUS,,AgViN0JqQq,USA
SHINY STAR,,AgViN0JqQq,USA
JEALOUS TOMATO,,AgViN0JqQq,USA
THE ELGANT KIDS,,AgViN0JqQq,USA
L Q N,,AgViN0JqQq,USA
DREAM USA,,AgViN0JqQq,USA
TOVIA,pedroy@toviafashion.com,AgViN0JqQq,USA
STANDAR FASHION,standardfashionusa@gmail.com,AgViN0JqQq,USA
MISS LOVE,david.misslove@gmail.com,AgViN0JqQq,USA
PALOMARES,palomaresapparel@cs.com,AgViN0JqQq,VENEZUELA
RANI FOODS,,AgViN0JqQq,USA
PINK BERRY,,AgViN0JqQq,USA
KECAN SHOES,,AgViN0JqQq,USA
SAN JOY,SANJOYINC@HOTMAIL.COM,AgViN0JqQq,USA
MIND CODE,,AgViN0JqQq,USA
PRETTY GOOD,prettygoodjjj@gmail.com,AgViN0JqQq,USA
NEON CLOTHING,,AgViN0JqQq,USA
GRACE FASHION,,AgViN0JqQq,USA
EVA USA,,AgViN0JqQq,USA
DREAMS FOOTWEAR,karinaf@dreamsfootwear.com,AgViN0JqQq,USA
VIA VAI,,AgViN0JqQq,USA
TRUE LIGHT,truelightclothing@sbcglobal.net,AgViN0JqQq,USA
SHANNON KIDS,,AgViN0JqQq,USA
JM ANGEL CORP,,AgViN0JqQq,USA
ORLY KIDS,,AgViN0JqQq,USA
OBOE,,AgViN0JqQq,USA
MIA FASHION,,AgViN0JqQq,USA
YNM,,AgViN0JqQq,USA
MANA USA,manausa2009@hotmail.com,AgViN0JqQq,USA
J&H TRADING,,AgViN0JqQq,USA
MOON COLLECTION,,AgViN0JqQq,USA
MAX PURSE,,AgViN0JqQq,USA
FORELLE LTD,,AgViN0JqQq,USA
COLOR THREAD,,AgViN0JqQq,USA
GINGER G,,AgViN0JqQq,USA
MELODY,,AgViN0JqQq,USA
HERA,,AgViN0JqQq,USA
NOX ANABEL,,AgViN0JqQq,USA
MAK,,AgViN0JqQq,USA
E FASHION,,AgViN0JqQq,USA
CAP ZONE,,AgViN0JqQq,USA
IRE,,AgViN0JqQq,USA
CAT D,usacatd@hotmail.com,AgViN0JqQq,USA
GROOVY,,AgViN0JqQq,USA
CONAL INTERNATIONAL,,AgViN0JqQq,USA
RED CLOVER,redcloverclothing@yahoo.com,AgViN0JqQq,USA
SUNVISTA,,AgViN0JqQq,USA
SHOE DYNASTY,,AgViN0JqQq,USA
MISS FIT,,AgViN0JqQq,USA
NU LABEL,carolina@nulabelclothing.com,AgViN0JqQq,USA
HOW FASHION,,AgViN0JqQq,USA
VIKI INTERNATIONAL,,AgViN0JqQq,USA
PROFIVE,,AgViN0JqQq,USA
KORI,,AgViN0JqQq,USA
BE COOL,,AgViN0JqQq,USA
RUNWAY PARIS,runwayparis@gmail.com,AgViN0JqQq,USA
FOCUS HANDBAGS,,AgViN0JqQq,USA
MOA,,AgViN0JqQq,USA
KATIA FASHION,KATIAAPPAREL11@GMAIL.COM,AgViN0JqQq,USA
INA FASHION,,AgViN0JqQq,USA
SHARI GIRL,,AgViN0JqQq,USA
LOVPOSH,,AgViN0JqQq,USA
SI STYLE,SISTYLE_LA2@HOTMAIL.COM,AgViN0JqQq,USA
LUCKY TOO,luckytoo524@att.net,AgViN0JqQq,USA
TEA AND CUP,,AgViN0JqQq,USA
HONEY PUNCH,SALES@MYHONEYPUNCH.COM,AgViN0JqQq,USA
FASHION LOVE,FASHIONLOVEUSA@SBCGLOBAL.NET,AgViN0JqQq,USA
LABIJOU,LABIJOU@LIVE.COM,AgViN0JqQq,USA
EN CREME,,AgViN0JqQq,USA
DANIEL L,DANIELLATLA@YAHOO.COM,AgViN0JqQq,USA
FINESSE,,AgViN0JqQq,USA
C LUCE,,AgViN0JqQq,USA
LUSH CLOTHING,,AgViN0JqQq,USA
ELLENE,ELLENEHANDBAGS@YAHOO.COM,AgViN0JqQq,USA
FRANCISCAN,TRENDYFM@GMAIL.COM,AgViN0JqQq,USA
MY STORY,MYSTORY100@GMAIL.COM,AgViN0JqQq,USA
AMAZING SPORT,AMAZINGSPORT@YAHOO.COM,AgViN0JqQq,USA
FASHION WILDCAT,FASHIONWILDCAT@YAHOO.COM,AgViN0JqQq,USA
MATRI,,AgViN0JqQq,USA
EVENT,EVENT721@GMAIL.COM,AgViN0JqQq,USA
WOW COUTURE,,AgViN0JqQq,USA
ELEGANZARELLA,,AgViN0JqQq,USA
SWEET ILLUSION,sweetillusioninc@hotmail.com,AgViN0JqQq,USA
YUYU HOSIERY,,AgViN0JqQq,USA
SPORT IN  LA,,AgViN0JqQq,USA
LALALAND IMPORTS-DOREMI TRADING,DOREMITRADING@HOTMAIL.COM,AgViN0JqQq,USA
MACHI FOOTWEAR,,AgViN0JqQq,USA
BLVD,,AgViN0JqQq,USA
EL CENTENARIO FABRICS,,AgViN0JqQq,USA
KIDDO,,AgViN0JqQq,USA
FASHION AI,fashionai@att.net,AgViN0JqQq,USA
DYNAMIC FASHION,DYNAMICUSA@GMAIL.COM,AgViN0JqQq,USA
HAMMER,,AgViN0JqQq,USA
BEAUTIFULLY,,AgViN0JqQq,USA
MEZZANINE,,AgViN0JqQq,USA
UNI HOISERY,,AgViN0JqQq,USA
FASHION FAIR,,AgViN0JqQq,USA
HENDY,,AgViN0JqQq,USA
SANZ SAUCI,,AgViN0JqQq,USA
RENEE,,AgViN0JqQq,USA
SEXY DIVA,,AgViN0JqQq,USA
JEANS EXPRESS,jeansexpress1@gmail.com,AgViN0JqQq,USA
BRENDAS,brendasfashionn@hotmail.com,AgViN0JqQq,USA
I HEART FOOTWEAR,,AgViN0JqQq,USA
ZEN SPELL,,AgViN0JqQq,USA
JELLA COUTURE,,AgViN0JqQq,USA
JENNY STORE,,AgViN0JqQq,USA
BIG 7 HOME,,AgViN0JqQq,USA
JULIET,juliet@lashowroom.com,AgViN0JqQq,USA
JUDYS COLLECTION,,AgViN0JqQq,USA
CINDERELLA COUTURE,,AgViN0JqQq,USA
WAPI PLUS,,AgViN0JqQq,USA
GOOD TIME USA,,AgViN0JqQq,USA
OKK TOYS,,AgViN0JqQq,USA
COC,,AgViN0JqQq,USA
VIJO COUTURE,VIJOCOUTURE@GMAIL.COM,AgViN0JqQq,USA
CIEN,,AgViN0JqQq,USA
MISS SHOP,,AgViN0JqQq,USA
SILVER GATE,,AgViN0JqQq,USA
CJ SHOES,,AgViN0JqQq,USA
KAREN KANE,,AgViN0JqQq,USA
TRACK,,AgViN0JqQq,USA
FOCUS FOOTWEAR,,AgViN0JqQq,USA
PLASTIC,,AgViN0JqQq,USA
ALLIANCE APPAREL,,AgViN0JqQq,USA
ESTAM,,AgViN0JqQq,USA
Y APPAREL,yapparelinc@gmail.com,AgViN0JqQq,USA
FABULOUS COUTURE,JOHN@GLSAPPAREL.COM,AgViN0JqQq,USA
FAME ACCESSORIES,,AgViN0JqQq,USA
NABAT,,AgViN0JqQq,USA
CARAPACE,,AgViN0JqQq,USA
A&A INTERNATIONAL APPAREL,,AgViN0JqQq,USA
BE YOU TIFUL,,AgViN0JqQq,USA
PAPER CRANE,,AgViN0JqQq,USA
LADES,,AgViN0JqQq,USA
POTTERS POT,,AgViN0JqQq,USA
JUST ME,brian@justmela.com,AgViN0JqQq,USA
TUA PLUS,,AgViN0JqQq,USA
EVERLY,,AgViN0JqQq,USA
LETS FASHION,,AgViN0JqQq,USA
WORLD OF IMPORTS,,AgViN0JqQq,USA
MENEGEN INC,,AgViN0JqQq,USA
MAYA FASHION,,AgViN0JqQq,USA
CEBU,,AgViN0JqQq,USA
SPORTWEAR,,AgViN0JqQq,USA
GABI TOY,,AgViN0JqQq,USA
JC FITS,,AgViN0JqQq,USA
JUST PANMACO,edi@justusajeans.com,AgViN0JqQq,USA
ABC BRAND,abcbrandname@att.net,AgViN0JqQq,USA
VERY J,,AgViN0JqQq,USA
CHANS BLANKET,,AgViN0JqQq,USA
POEMA,,AgViN0JqQq,USA
LA FIESTA,,AgViN0JqQq,USA
SILVER SUT,,AgViN0JqQq,USA
MICHEL,,AgViN0JqQq,USA
INFANT KIDS,,AgViN0JqQq,USA
IN JOY CLOTHING,,AgViN0JqQq,USA
PACIFIC TRI PORT,,AgViN0JqQq,USA
TAWNY,,AgViN0JqQq,USA
OCEAN AND LAND,,AgViN0JqQq,USA
SHOE MAGNATE,,AgViN0JqQq,USA
SAN JULIAN,,AgViN0JqQq,USA
ANNIANNA,,AgViN0JqQq,USA
GAIA,,AgViN0JqQq,USA
TRAC,,AgViN0JqQq,USA
MODERN TOUCH,mtouchla@gmail.com,AgViN0JqQq,USA
KLASSY  COLLECTION,klassycollection@gmail.com,AgViN0JqQq,USA
MYSTIC,adrian@mysticdress.com,AgViN0JqQq,USA
REGENCY FABRICS,,AgViN0JqQq,USA
SPIN,spinusaclothing@gmail.com,AgViN0JqQq,USA
AMERICAL CLOTHING,,AgViN0JqQq,USA
FLYING TOMATO,,AgViN0JqQq,USA
TROPICAL WEAR,tropicalwear4u@yahoo.com,AgViN0JqQq,USA
CLOSE OUT USA,,AgViN0JqQq,USA
DOWNTOWN SUIT OUTLET,,AgViN0JqQq,USA
JOO BEE,,AgViN0JqQq,USA
UMGEE,,AgViN0JqQq,USA
IT CLOSET,,AgViN0JqQq,USA
NEW MICKEY,newmky1032sdc@global.net,AgViN0JqQq,VENEZUELA
KIDDY TIME,,AgViN0JqQq,VENEZUELA
HIRASON,,AgViN0JqQq,USA
MIMI KIDS,,AgViN0JqQq,USA
JOI FASHION,,AgViN0JqQq,USA
MAYA PLUS,,AgViN0JqQq,VENEZUELA
MULAN RUSH,,AgViN0JqQq,VENEZUELA
M&S HANDBAGS,,AgViN0JqQq,VENEZUELA
TOP GUY INTL,,AgViN0JqQq,USA
MAX JEAN,,AgViN0JqQq,USA
EUNINA,,AgViN0JqQq,USA
ENCORE,ENCOREJEANS@YAHOO.COM,AgViN0JqQq,USA
LOGISTIC EDGE,,AgViN0JqQq,VENEZUELA
OH YES FASHION,,AgViN0JqQq,VENEZUELA
KIDS LOVE,,AgViN0JqQq,VENEZUELA
RORY,,AgViN0JqQq,VENEZUELA
TIMING,,AgViN0JqQq,USA
EMJ FASHION,,AgViN0JqQq,USA
DEBUT,mario@debla.com,AgViN0JqQq,USA
LYDIA,,AgViN0JqQq,USA
BIJOUX BIJOUX,,AgViN0JqQq,USA
PURPLE RAIN,,AgViN0JqQq,USA
S TWELVE,,AgViN0JqQq,VENEZUELA
ICCO,,AgViN0JqQq,VENEZUELA
YUMMY PLUS,WISHLIST11000@OUTROOK.COM,AgViN0JqQq,VENEZUELA
BLUE MINT,,AgViN0JqQq,VENEZUELA
I&P FASHION,,AgViN0JqQq,VENEZUELA
CAVALINI INC,,AgViN0JqQq,USA
DHL,,AgViN0JqQq,USA
GRILEY AIR FREIGHT,,AgViN0JqQq,USA
HENDI,,AgViN0JqQq,USA
A3 DESING,,AgViN0JqQq,USA
BONBINI,,AgViN0JqQq,USA
SM PERFUMES,,AgViN0JqQq,USA
OXFORD CIRCUS,oxfordcircusfashions@gmail.com,AgViN0JqQq,USA
GOLDEN WHEAT INC,,AgViN0JqQq,USA
MATILDA,,AgViN0JqQq,USA
TOUCH 9,,AgViN0JqQq,USA
HUG AND PLUS,,AgViN0JqQq,USA
JOY,joy1334@gmail.com,AgViN0JqQq,USA
LINGIRIE FASHION,,AgViN0JqQq,USA
ANDREA BIJOUX,,AgViN0JqQq,USA
FIESTA FASHION,,AgViN0JqQq,USA
VISION,visionusa@hotmail.com,AgViN0JqQq,USA
XJ BOOTS,,AgViN0JqQq,USA
LA PANTS,,AgViN0JqQq,USA
GILLI,,AgViN0JqQq,USA
SHOSHO FASHION,,AgViN0JqQq,USA
E2 CLOTHING,,AgViN0JqQq,USA
THE CLOTHING,,AgViN0JqQq,USA
SUGAR MINT,,AgViN0JqQq,USA
SWEET UNDYS,,AgViN0JqQq,USA
TRENDOLOGY,,AgViN0JqQq,USA
MATTEX INC,,AgViN0JqQq,USA
DREAM GIRLS,,AgViN0JqQq,USA
JULIA,,AgViN0JqQq,USA
FELINE,,AgViN0JqQq,USA
ENDLESS LOVE,,AgViN0JqQq,USA
BANJUL,,AgViN0JqQq,USA
DRESS CODE,,AgViN0JqQq,USA
NICO LA,INFO@NICOLASTYLE.COM,AgViN0JqQq,USA
LOLLOL,,AgViN0JqQq,USA
CARIBEAN QUEEN,,AgViN0JqQq,USA
SIS SIS,,AgViN0JqQq,USA
DELUSIVE,,AgViN0JqQq,USA
LOVELYPURSE4U,,AgViN0JqQq,USA
SOLITAIRE,,AgViN0JqQq,USA
DULCE CAROLA,,AgViN0JqQq,USA
PUNEJA,,AgViN0JqQq,USA
LUCY PARIS,,AgViN0JqQq,USA
J ONE TRADING,,AgViN0JqQq,USA
JEANS BON,jeansbininc@gmail.com,AgViN0JqQq,USA
LINGERIE FASHION SHOP,,AgViN0JqQq,USA
MISS AVENUE,,AgViN0JqQq,USA
DIOSA,,AgViN0JqQq,USA
SEASONS,FOREVERCLOTHING@SBCGLOBE.NET,AgViN0JqQq,USA
BRIDGECRAFT,,AgViN0JqQq,USA
COOL G,,AgViN0JqQq,USA
NYMPHE,,AgViN0JqQq,USA
TYCHE,,AgViN0JqQq,USA
MILLIBON,,AgViN0JqQq,USA
SNEAKE PEEK,joseph@spjean.com,AgViN0JqQq,USA
YES IMPORTS,,AgViN0JqQq,USA
IPONA,,AgViN0JqQq,USA
SJ FIRST,,AgViN0JqQq,USA
VIVACE,myvivace@live.com,AgViN0JqQq,USA
SPING FASHION,,AgViN0JqQq,USA
S&B,,AgViN0JqQq,USA
NEW TOWER,,AgViN0JqQq,USA
SYLEEN,syleen_inc@hotmail.com,AgViN0JqQq,USA
DAHDOUL,,AgViN0JqQq,USA
G&S OF PRICE,,AgViN0JqQq,USA
SYMPHONY,SHOWROOM.@SYMPHONYFASHION.COM,AgViN0JqQq,USA
SWEET COLOR2,,AgViN0JqQq,USA
FASHION 123,,AgViN0JqQq,USA
TRES BIEN,,AgViN0JqQq,USA
YNES,,AgViN0JqQq,USA
FRESHMINT,,AgViN0JqQq,USA
GOVANNI FASHION,,AgViN0JqQq,USA
JOY,,AgViN0JqQq,USA
REFLEX,reflexjeans@yahoo.com,AgViN0JqQq,USA
WAX JEANS,,AgViN0JqQq,USA
BG ONLY,,AgViN0JqQq,USA
ROLY POLY,,AgViN0JqQq,USA
UNDER SKIES,sales@chookachooka.com,AgViN0JqQq,VENEZUELA
FOREVER PRINCESS,,AgViN0JqQq,USA
ENTRY,,AgViN0JqQq,USA
UNION HOSIERY,,AgViN0JqQq,USA
POP CORN,,AgViN0JqQq,USA
CODIGO,,AgViN0JqQq,USA
IN VEIN,,AgViN0JqQq,USA
TUYA HANDBAGS,tuyahandbags@gmail.com,AgViN0JqQq,USA
LA JEWELRY PLAZA,,AgViN0JqQq,USA
LETTE,,AgViN0JqQq,USA
SPRING FASHION,,AgViN0JqQq,USA
JASON PLACE INC,,AgViN0JqQq,USA
ZERO TEN CORP,,AgViN0JqQq,USA
BAG BOUTIQUE,,AgViN0JqQq,USA
VOLL,,AgViN0JqQq,USA
TEENBELL,,AgViN0JqQq,USA
SI AVANCE,,AgViN0JqQq,USA
SAGE,,AgViN0JqQq,USA
SORRENTO,,AgViN0JqQq,VENEZUELA
PERRUZO ENT. INC.,,AgViN0JqQq,USA
K ONE,,AgViN0JqQq,USA
ALINA INTERNATIONAL,,AgViN0JqQq,USA
ART BOX,,AgViN0JqQq,USA
KING DOM B,,AgViN0JqQq,USA
BENEFIT,,AgViN0JqQq,USA
MINIX,,AgViN0JqQq,USA
OLIVE 7 PIQUE,,AgViN0JqQq,USA
MINTY,,AgViN0JqQq,USA
TRINITY TRIBE,,AgViN0JqQq,USA
3B SHOES,,AgViN0JqQq,USA
MY WAY,,AgViN0JqQq,USA
JC JQ,,AgViN0JqQq,USA
HELLO MISS,,AgViN0JqQq,USA
BEULAH,,AgViN0JqQq,USA
ASIANA,,AgViN0JqQq,USA
EKKLESIA,,AgViN0JqQq,USA
ROSE PETALS,,AgViN0JqQq,USA
SHOWROOM FIVE 21,,AgViN0JqQq,USA
GIDANI,,AgViN0JqQq,USA
DOROTHY USA,,AgViN0JqQq,USA
LOVE REPUBLIC,,AgViN0JqQq,USA
SHOE REPUBLIC,info@promiseshoes.com,AgViN0JqQq,USA
MANITO,,AgViN0JqQq,USA
H&V BRAVO INC.,,AgViN0JqQq,USA
INTERI,,AgViN0JqQq,USA
MY MICHELLE,,AgViN0JqQq,USA
TEENPLO,,AgViN0JqQq,USA
LUZ,,AgViN0JqQq,USA
KITEI FASHION,,AgViN0JqQq,USA
DOUBLE ZERO,,AgViN0JqQq,USA
PROYECTO 18,,AgViN0JqQq,USA
SHINE MAX,,AgViN0JqQq,USA
222 JEWELRY,,AgViN0JqQq,USA
ARK & CO,,AgViN0JqQq,USA
TRENDY DRESS,,AgViN0JqQq,USA
CALL BOX,,AgViN0JqQq,USA
LUXE,,AgViN0JqQq,USA
I HEART FASHION & SHOES,,AgViN0JqQq,USA
TIP TOP KIDS,,AgViN0JqQq,USA
SUNS TRADING,,AgViN0JqQq,USA
A PEACH,,AgViN0JqQq,USA
RUBBER DUCKY,,AgViN0JqQq,USA
ESPRESSA,,AgViN0JqQq,USA
SOLE MIO,,AgViN0JqQq,USA
FIO FIO,,AgViN0JqQq,USA
SISTAR,,AgViN0JqQq,USA
IN,,AgViN0JqQq,USA
P&S USA,,AgViN0JqQq,USA
FINA MODA,,AgViN0JqQq,USA
PROMESA,,AgViN0JqQq,USA
SHINE STAR,,AgViN0JqQq,USA
SYKE FOOTWEAR,,AgViN0JqQq,USA
C&H SPORTWEAR INC,,AgViN0JqQq,USA
ALPHA USA,,AgViN0JqQq,USA
COUNTESS,,AgViN0JqQq,USA
B ONE,,AgViN0JqQq,USA
P & JUSS INC,,AgViN0JqQq,USA
RACHEL SHOES,,AgViN0JqQq,USA
K & H,,AgViN0JqQq,USA
G ONE K,,AgViN0JqQq,USA
SANS SOUCI,,AgViN0JqQq,USA
BELT AND BUCKLE,,AgViN0JqQq,USA
NEO HANDBAGS,,AgViN0JqQq,USA
JB BOY FASHION,,AgViN0JqQq,USA
SAMS COLLECTION,,AgViN0JqQq,USA
A GAIN,,AgViN0JqQq,USA
PEPPER,,AgViN0JqQq,USA
STELLA SHOES,,AgViN0JqQq,USA
YAGO,NA,AgViN0JqQq,USA
JOYCE,NA,AgViN0JqQq,USA
VA VA VOOM,,AgViN0JqQq,USA
KIDS DREAM,,AgViN0JqQq,USA
PEDRO,,AgViN0JqQq,USA
PEDRO PEREZ,,AgViN0JqQq,VENEZUELA
ZOTA USA,,AgViN0JqQq,USA
UNIVERSAL LINK,,AgViN0JqQq,USA
KARAGIRL,mykaragirl@gmail.com,AgViN0JqQq,USA
S LINE,,AgViN0JqQq,USA
BRIGHT TRADING CORP,,AgViN0JqQq,USA
RICO KIDS,,AgViN0JqQq,USA
TEAM,,AgViN0JqQq,USA
TOP TEXTILE,,AgViN0JqQq,USA
ROYAL,,AgViN0JqQq,USA
TRENDY U,,AgViN0JqQq,USA
EIEN,,AgViN0JqQq,USA
MIRACLE CITY,,AgViN0JqQq,USA
TOTO COLLECTION,,AgViN0JqQq,USA
CESI INC,,AgViN0JqQq,USA
EMMA ROSE,,AgViN0JqQq,USA
IBBY LIBBY,,AgViN0JqQq,USA
COZY CASUAL,,AgViN0JqQq,USA
BEAR DANCE,beardanceclothing@gmail.com,AgViN0JqQq,USA
OVI,,AgViN0JqQq,USA
JOSTAR,,AgViN0JqQq,USA
ANZELL,,AgViN0JqQq,USA
BLING BLING,,AgViN0JqQq,USA
LEATHER BE,,AgViN0JqQq,USA
PANAMEX,,AgViN0JqQq,USA
GREEN LAND,,AgViN0JqQq,USA
MARYS COLLECTION SHOES,,AgViN0JqQq,USA
BEN TEXTILE INC,bentextile@sbcglobal.net,AgViN0JqQq,USA
KID DEPOT,,AgViN0JqQq,USA
DAVI & DINA,,AgViN0JqQq,USA
ELEGANCE ENTERPRISE,,AgViN0JqQq,USA
ANGCHA,,AgViN0JqQq,USA
CITIZENS OF HUMANITY,,AgViN0JqQq,USA
UNIT,,AgViN0JqQq,USA
MAGGY LONDON,,AgViN0JqQq,USA
VERONA COLLECTION,,AgViN0JqQq,USA
FORNIA APPAREL,,AgViN0JqQq,USA
KAN CAN,,AgViN0JqQq,USA
IVAMOS,,AgViN0JqQq,USA
EUNISHOP,,AgViN0JqQq,USA
BSI WHEELS INC,,AgViN0JqQq,USA
FABRIC PLANET,,AgViN0JqQq,USA
SARA USA,,AgViN0JqQq,USA
BLUE PINGUIEN TEXTILES,,AgViN0JqQq,USA
EASEL,,AgViN0JqQq,USA
D RIVERS JEANS USA,,AgViN0JqQq,USA
PASARELA,manuelpassarella01@gmail.com,AgViN0JqQq,VENEZUELA
SUPER B,,AgViN0JqQq,USA
ENDLESS ROSE,,AgViN0JqQq,USA
BANGALORE,,AgViN0JqQq,USA
VALENTINE TEXTILES,JYAGHOUBIA@AOL.COM,AgViN0JqQq,USA
TSW PETROL,,AgViN0JqQq,USA
ELLEN TRACY,,AgViN0JqQq,USA
COTTON DAYSI,,AgViN0JqQq,USA
36.5,,AgViN0JqQq,VENEZUELA
S AND G APERALL,,AgViN0JqQq,USA
BRAVO WHOLESALE,,AgViN0JqQq,USA
ITALIAN FABRICS,,AgViN0JqQq,USA
MILKY WAY,,AgViN0JqQq,USA
CATHAYA,,AgViN0JqQq,VENEZUELA
AHTO,,AgViN0JqQq,USA
ORANGE CARAMEL,,AgViN0JqQq,USA
21 EVENUEL,,AgViN0JqQq,USA
TWO TEN US TRADING,,AgViN0JqQq,USA
SOHO COLLECTION,,AgViN0JqQq,VENEZUELA
MISSFIT,,AgViN0JqQq,USA
LIMS COLLECTION,,AgViN0JqQq,USA
MONACO,,AgViN0JqQq,VENEZUELA
ONTRACK,,AgViN0JqQq,USA
HAT TIME,,AgViN0JqQq,VENEZUELA
CHL TRADING,,AgViN0JqQq,USA
DHL EXPRESS,,AgViN0JqQq,USA
AUDREYANN,,AgViN0JqQq,USA
JB TEXTILES,,AgViN0JqQq,USA
GLOBAL LINEN INC,,AgViN0JqQq,USA
LUCKY FASHION,,AgViN0JqQq,USA
MAYA,,AgViN0JqQq,VENEZUELA
CAPDEPOT,,AgViN0JqQq,USA
VIBRANT,,AgViN0JqQq,USA
NATURAL COLLECTION,,AgViN0JqQq,USA
MINX APERALL,,AgViN0JqQq,USA
SUSIE Q,,AgViN0JqQq,USA
THML,,AgViN0JqQq,USA
LUJAH,,AgViN0JqQq,USA
MRS HANDBAG,,AgViN0JqQq,USA
IMANI,,AgViN0JqQq,USA
FATE,,AgViN0JqQq,USA
LOLA,,AgViN0JqQq,USA
POP,,AgViN0JqQq,USA
MONTEAU,,AgViN0JqQq,USA
PREMIERE APARELL,,AgViN0JqQq,USA
PROVISION,,AgViN0JqQq,USA
GLS APPAREL,,AgViN0JqQq,USA
PAX TRADING,,AgViN0JqQq,USA
CHERISH,,AgViN0JqQq,USA
UPD INC,,AgViN0JqQq,USA
LIWONDA FASHION WEAR,,AgViN0JqQq,USA
AMBITION,,AgViN0JqQq,USA
HOT AND DELICIOUS,,AgViN0JqQq,USA
MUR,,AgViN0JqQq,USA
JJ DISPLAY,,AgViN0JqQq,USA
MELIE BLANCO,,AgViN0JqQq,USA
EMMAS CLOSET,,AgViN0JqQq,USA
FANCY FABRICS,,AgViN0JqQq,USA
CALI GIRLS STYLE,,AgViN0JqQq,USA
ICA USA,ICAUSA420@HOTMAIL.COM,AgViN0JqQq,VENEZUELA
CLOTHING SHOWROOM,,AgViN0JqQq,USA
CRUX WEAR,,AgViN0JqQq,USA
CC FOOTWEAR,,AgViN0JqQq,USA
JANE USA,,AgViN0JqQq,USA
US OFFPRICE,,AgViN0JqQq,USA
SEMORE,,AgViN0JqQq,USA
SOB,,AgViN0JqQq,USA
SOF FASHION,,AgViN0JqQq,USA
ANNES BRIDAL,,AgViN0JqQq,USA
SOL CLOTHING,,AgViN0JqQq,USA
ELLISON,,AgViN0JqQq,USA
CALI BE JUST,,AgViN0JqQq,USA
DANIEL COSMETICS,,AgViN0JqQq,USA
SEVEN STAR,,AgViN0JqQq,USA
DDP ATL WHEELS,,AgViN0JqQq,USA
ASA FASHION,,AgViN0JqQq,USA
JS GROUP,,AgViN0JqQq,VENEZUELA
TRI VENI,,AgViN0JqQq,USA
LA VANI INC,sales@lavaniinc.com,AgViN0JqQq,USA
TRIUMPH,,AgViN0JqQq,USA
TIC TOC,,AgViN0JqQq,USA
LIME N CHILI,limeandchili@outlook.com,AgViN0JqQq,USA
ALWAYS,,AgViN0JqQq,USA
LA TOP,,AgViN0JqQq,USA
CATCH ME,,AgViN0JqQq,USA
GOBAL GOLD,,AgViN0JqQq,USA
I JOAH,,AgViN0JqQq,USA
MAYE,,AgViN0JqQq,USA
TEA AND ROSE,,AgViN0JqQq,USA
PRINCESS CLOSET,,AgViN0JqQq,USA
MONO B,,AgViN0JqQq,USA
INTOUCH FOOTWEAR INC,,AgViN0JqQq,USA
AMOROSO,,AgViN0JqQq,USA
ADIN JEANS,,AgViN0JqQq,USA
BOOM BOOM APPAREL,,AgViN0JqQq,USA
WEST 36,,AgViN0JqQq,VENEZUELA
STYLE NANDA,,AgViN0JqQq,USA
RCC FASHION,,AgViN0JqQq,USA
COBRA CAPS,,AgViN0JqQq,USA
BANGKIT USA,,AgViN0JqQq,USA
OGS BROTHERS,,AgViN0JqQq,USA
PRESTIGE FOOTWEAR,,AgViN0JqQq,USA
DA VINCI,,AgViN0JqQq,USA
CHUS PACKAGING SUPPLIES,,AgViN0JqQq,USA
US HOSEIRY,,AgViN0JqQq,USA
DO & RAE,,AgViN0JqQq,USA
KH CORPORATIONS,,AgViN0JqQq,USA
MAIN GROUP,,AgViN0JqQq,USA
UVA LINE,,AgViN0JqQq,USA
RED LOLLY,,AgViN0JqQq,USA
WASABI MINT,,AgViN0JqQq,USA
OLE TRADING INC,olegift@hotmail.com,AgViN0JqQq,USA
OSITOS SHOES,,AgViN0JqQq,USA
REHAB CLOTHING,,AgViN0JqQq,USA
AMETA CORP.,,AgViN0JqQq,USA
TUA FASHION,,AgViN0JqQq,USA
ROYAL CLUB,,AgViN0JqQq,USA
AYR FASHION,,AgViN0JqQq,VENEZUELA
VANDI INTERNATIONAL,,AgViN0JqQq,USA
WINNER AGAIN,winnerkidscorp@aol.com,AgViN0JqQq,USA
KAMCO1,,AgViN0JqQq,USA
CITY POCKET,,AgViN0JqQq,USA
SALLY,,AgViN0JqQq,VENEZUELA
LUDIA,,AgViN0JqQq,USA
EULINA,,AgViN0JqQq,USA
ABOUT STYLE,,AgViN0JqQq,USA
ARYEH,,AgViN0JqQq,USA
NATURAL LIFE,,AgViN0JqQq,USA
PEACH LOVE,,AgViN0JqQq,USA
AMERICAN TRAVEL GEAR,,AgViN0JqQq,USA
AMBER TRADING,,AgViN0JqQq,USA
ALPHACHEM USA,,AgViN0JqQq,USA
GOLDEN WEST,,AgViN0JqQq,USA
AMEN TRADING,,AgViN0JqQq,USA
FUNTEZE ACCESORIES,,AgViN0JqQq,USA
WORLD POP,,AgViN0JqQq,USA
ANM CLOTHING,,AgViN0JqQq,USA
LA BIJOUX,,AgViN0JqQq,USA
BEATNIXX,,AgViN0JqQq,USA
ONE STOP,,AgViN0JqQq,USA
ELEGANTE ENTERPRISE,,AgViN0JqQq,USA
ACE FASHION,,AgViN0JqQq,USA
COVER FASHION,,AgViN0JqQq,USA
SWINSTAR,,AgViN0JqQq,USA
MARINA WEST,,AgViN0JqQq,USA
SUGAR LIPS,,AgViN0JqQq,USA
PRONTO,,AgViN0JqQq,USA
FIT,,AgViN0JqQq,USA
NINA LEE,,AgViN0JqQq,USA
ZOUK CLOTHING,,AgViN0JqQq,USA
CRISTAL SHOES,,AgViN0JqQq,VENEZUELA
KLOTHO INC,,AgViN0JqQq,USA
JUST LABEL,,AgViN0JqQq,USA
JUNS TRADING,,AgViN0JqQq,USA
CASUAL CLASSIC,,AgViN0JqQq,USA
NEO BLUE,,AgViN0JqQq,USA
GREEN PEA,,AgViN0JqQq,USA
COMME USA,,AgViN0JqQq,USA
GAME CENTER,,AgViN0JqQq,USA
HOT AND TRENDY,,AgViN0JqQq,USA
KING SPORTSWEAR,,AgViN0JqQq,USA
SHINS TRADING CO INC,,AgViN0JqQq,USA
TABOGA FASHION,tabogafashion@hotmail.com,AgViN0JqQq,USA
DFUC,,AgViN0JqQq,USA
IRIS DESINGS,,AgViN0JqQq,USA
ICE HANDBAGS,,AgViN0JqQq,USA
POSH APPAREL,,AgViN0JqQq,USA
MIO MIO,,AgViN0JqQq,USA
YETTS WHOLESALE FASHION,,AgViN0JqQq,USA
RED APPLE J&H,,AgViN0JqQq,USA
TOP SECRET,,AgViN0JqQq,VENEZUELA
LET HER BE,,AgViN0JqQq,USA
CB JEANS,,AgViN0JqQq,USA
VERSCOS INC,VERSCOS01@GMAIL.COM,AgViN0JqQq,USA
LIX,,AgViN0JqQq,USA
LOG CLOTHING,,AgViN0JqQq,USA
UWD JEANS,,AgViN0JqQq,USA
TW SIGNATURE,,AgViN0JqQq,USA
BQB DESING FUSION USA,,AgViN0JqQq,USA
HK HANBAGS,,AgViN0JqQq,USA
CASA DE BOLSA,,AgViN0JqQq,USA
UNION HOSIERY,,AgViN0JqQq,USA
ENVYA SWIMWEAR,,AgViN0JqQq,USA
B G GRAND,,AgViN0JqQq,USA
BICICI COTY,,AgViN0JqQq,USA
M M CLOTHING,,AgViN0JqQq,USA
WHEEL PROS,,AgViN0JqQq,USA
FIRST LOOK,,AgViN0JqQq,USA
JIO LUGGAGE,,AgViN0JqQq,USA
SD 2,,AgViN0JqQq,USA
TMANI USA,,AgViN0JqQq,USA
YABES USA,,AgViN0JqQq,USA
UNIVERSAL FASHION OUTLET,,AgViN0JqQq,USA
TE LIMON,,AgViN0JqQq,USA
FASHION CENTRAL,PicoMain@yahoo.com,AgViN0JqQq,USA
NICE COMPANY,,AgViN0JqQq,USA
DYGARNI CALIFORNIA,,AgViN0JqQq,USA
A TO Z,,AgViN0JqQq,USA
PROSPERO,prosperoshowroom@gmail.com,AgViN0JqQq,USA
WK INTERNATIONAL,WKUSAINC@GMAIL.COM,AgViN0JqQq,USA
VAGO,,AgViN0JqQq,USA
JC SALES,,AgViN0JqQq,USA
LEONAS,,AgViN0JqQq,USA
UNIQUE OF PRICE,,AgViN0JqQq,USA
RACHEL KATE,,AgViN0JqQq,USA
DANCE & MAVEL,,AgViN0JqQq,USA
JSQUAD CLOTHING,,AgViN0JqQq,USA
FASHION PARADE,info@fashionparadela.com,AgViN0JqQq,USA
SHOE EXCHANGE INC,,AgViN0JqQq,USA
LOVE POINT,,AgViN0JqQq,USA
REEBEES SWIMWEAR,,AgViN0JqQq,USA
SWEET KIDS,,AgViN0JqQq,USA
HOME DEPOT INC,,AgViN0JqQq,USA
J-W T,,AgViN0JqQq,USA
BLK INTERNATIONAL,,AgViN0JqQq,USA
MAGAZINE CLOTHING,,AgViN0JqQq,USA
FRIDAY,,AgViN0JqQq,USA
SARALEE,,AgViN0JqQq,USA
LOVE LETTER,,AgViN0JqQq,USA
MOPAS,,AgViN0JqQq,USA
GRAPHIC INOVATIONS,,AgViN0JqQq,USA
ANGELO,,AgViN0JqQq,USA
COLOR SWATCH,,AgViN0JqQq,USA
CKL VESUVIO NAPOLI,,AgViN0JqQq,USA
HBD LINGERI,,AgViN0JqQq,VENEZUELA
CB FLOWER &CRAFT,,AgViN0JqQq,USA
BABYS KLOSET,,AgViN0JqQq,USA
PARAMIS JEANS,,AgViN0JqQq,USA
PIER ONE FASHION,,AgViN0JqQq,USA
RED CIRCLE FOOTWEAR INC,,AgViN0JqQq,USA
BG BRAND,,AgViN0JqQq,USA
SUZEYS TRADING,,AgViN0JqQq,USA
KIDS SPIRIT,,AgViN0JqQq,USA
KARUKERA SURF,,AgViN0JqQq,USA
DESIRE COLLECTION,,AgViN0JqQq,USA
M&M KITTYS FOR KIDS,bjmmkittys@aol.com,AgViN0JqQq,USA
MINUET,,AgViN0JqQq,USA
HYPEREUSH,,AgViN0JqQq,USA
CAVIAR DREAMS/AERS INC,avi5726@gmail.com,AgViN0JqQq,USA
SOB CLOTHING,,AgViN0JqQq,USA
T Y FASHION,,AgViN0JqQq,USA
ZINGA,sales@zingafashion.com,AgViN0JqQq,USA
EMERALD FASHION,,AgViN0JqQq,VENEZUELA
AJ ACCESSORIES,,AgViN0JqQq,USA
ONE STORY,,AgViN0JqQq,USA
TRINITY FASHION,,AgViN0JqQq,USA
OATT COLLECTION,,AgViN0JqQq,USA
ACME DISPLAY FIXTURE COMPANY,,AgViN0JqQq,USA
LA MAMACITA,,AgViN0JqQq,USA
ILLA ILLA,,AgViN0JqQq,USA
WALL STREET FASHION,,AgViN0JqQq,USA
BASIL Y LOLA,,AgViN0JqQq,USA
MIRA MINE,,AgViN0JqQq,USA
DREAMS BY J&S,,AgViN0JqQq,USA
UNIQ INC,,AgViN0JqQq,USA
KORUSH KIDS,,AgViN0JqQq,USA
LB COLLECTION,,AgViN0JqQq,USA
RASTA WORLD CORP,,AgViN0JqQq,USA
INTERNATIONAL PIONEER,,AgViN0JqQq,USA
BREEZE EVER,,AgViN0JqQq,USA
JEANS JACKET CLOTING,,AgViN0JqQq,USA
SOX LA HOSIERY,,AgViN0JqQq,USA
COVER UP,,AgViN0JqQq,VENEZUELA
RIO CLOTHIHNG,,AgViN0JqQq,USA
CANDY ROSE,,AgViN0JqQq,USA
SPY ZONE EXCHANGE,,AgViN0JqQq,USA
KIDS COLLECTION,,AgViN0JqQq,USA
JOSTAR USA,,AgViN0JqQq,USA
LMAO FUNNY T-SHIRT,,AgViN0JqQq,USA
2 CRAVE,,AgViN0JqQq,USA
H2K TRADING,,AgViN0JqQq,USA
DORCAS,,AgViN0JqQq,USA
NINE BIRD,,AgViN0JqQq,USA
DVDN CLOTHING,,AgViN0JqQq,USA
BEJEWELED,,AgViN0JqQq,USA
CARAMELA,,AgViN0JqQq,USA
CENTURY FASHION,,AgViN0JqQq,USA
SOCIAL VANITY,,AgViN0JqQq,VENEZUELA
JUJUBE FASHION,,AgViN0JqQq,USA
ROYAL CROWN IMPORTS,,AgViN0JqQq,USA
JULIOS EXPORT,,AgViN0JqQq,USA
VIDA ENTERPRISE CORP,,AgViN0JqQq,USA
GIOBERTI STUDIO 10,,AgViN0JqQq,USA
BB WORLD,,AgViN0JqQq,USA
BAZIC PRODUCTS,,AgViN0JqQq,USA
GLOBAL GOLD INC,,AgViN0JqQq,USA
RJ ACCESORIES,,AgViN0JqQq,VENEZUELA
BLUE MOON FABRICS,,AgViN0JqQq,USA
FOR SIENNA,,AgViN0JqQq,USA
ANNA,,AgViN0JqQq,VENEZUELA
HOMMAGE COLLECTION,,AgViN0JqQq,USA
RENEECE,,AgViN0JqQq,USA
HUMMER,,AgViN0JqQq,USA
JOURNAL FABRIC,,AgViN0JqQq,USA
SUPERIOR FASHION,LaSuperiorFashion@gmail.com,AgViN0JqQq,USA
GLOBAL MAX,,AgViN0JqQq,USA
TRIVENI,,AgViN0JqQq,USA
ZAMS,,AgViN0JqQq,USA
ONIXS WEAR,,AgViN0JqQq,USA
URBAN T INC,,AgViN0JqQq,USA
UWD CLOTHING,,AgViN0JqQq,USA
I FASHION,IFASHIONLA@GMAIL.COM,AgViN0JqQq,USA
DHM EXPORTS,,AgViN0JqQq,USA
JANET PARIS,,AgViN0JqQq,USA
STYLE SHOP,,AgViN0JqQq,USA
CARMEN JEANS,,AgViN0JqQq,USA
LING COLLECTION INC,,AgViN0JqQq,USA
EIEN CLOTHING,,AgViN0JqQq,USA
SHELLY CLOTHING,,AgViN0JqQq,USA
ANGEL,,AgViN0JqQq,USA
VICTOR TEXTILE LLC,,AgViN0JqQq,USA
GALA FASHION,,AgViN0JqQq,USA
BOB TEXT CORP,,AgViN0JqQq,USA
JRB INTERNATIONAL,,AgViN0JqQq,USA
MANGOSTEEN,sale.mangosteen@gmail.com,AgViN0JqQq,USA
G1K,,AgViN0JqQq,USA
EAGLE SHOES,,AgViN0JqQq,USA
E BE FASHION,,AgViN0JqQq,USA
DISPLAY FOR YOU,,AgViN0JqQq,USA
TRENDY ZONE APPAREL,trendyzoneapparel@gmail.com,AgViN0JqQq,VENEZUELA
YOUR RUNWAWAY,,AgViN0JqQq,USA
JS ARTWORK,,AgViN0JqQq,USA
WALL FABRIC INC,,AgViN0JqQq,USA
GIRLY ACCESORIES,,AgViN0JqQq,USA
WESTCO WAREHOUSE HOME FURNITURE,,AgViN0JqQq,USA
JULIANA ACCESORIES,,AgViN0JqQq,USA
SUNGS HOME COLLECTION,,AgViN0JqQq,USA
PRIME SUPPLY,,AgViN0JqQq,USA
SABALAND,,AgViN0JqQq,USA
VS TEES INC,,AgViN0JqQq,USA
SUNMAX EYEWEAR,,AgViN0JqQq,USA
CECI KIDS,,AgViN0JqQq,USA
DONNADIOSA FASHION,,AgViN0JqQq,USA
LIMS CREATIONS,,AgViN0JqQq,USA
VIVA USA,,AgViN0JqQq,USA
JESCO FOOTWEAR,,AgViN0JqQq,USA
KECOM SHOES,,AgViN0JqQq,USA
PRINCESS PURSE,,AgViN0JqQq,USA
KISS 2 FLY,,AgViN0JqQq,USA
VERTIGO,,AgViN0JqQq,USA
DYNAMIC ASIA INT,,AgViN0JqQq,USA
THE HANDBAGS,,AgViN0JqQq,USA
OLE OLE CLOTHING,,AgViN0JqQq,USA
MUZZANGHEE,,AgViN0JqQq,USA
JOSE T-SHIRT,,AgViN0JqQq,USA
HAPPY NATION,,AgViN0JqQq,USA
PAYCON,,AgViN0JqQq,USA
JFH GROUP INT.,,AgViN0JqQq,USA
JESSICA DESIGNS,,AgViN0JqQq,USA
WENSSCO INC,WENDY@WENCHOICE.COM,AgViN0JqQq,USA
KENYA JEANS,,AgViN0JqQq,USA
STYLE NANDA,,AgViN0JqQq,VENEZUELA
THE DREAM LOUNGE,,AgViN0JqQq,VENEZUELA
ARDOR APPAREL,,AgViN0JqQq,USA
D ENJOY INC,,AgViN0JqQq,USA
THE PEOPLES SHOE COMPANY,,AgViN0JqQq,VENEZUELA
LE SAMPLE,,AgViN0JqQq,USA
PEPPERMINT CLOTHING,peppermintshowroom@gmail.com,AgViN0JqQq,USA
RED KISS,,AgViN0JqQq,USA
ROSIO CLOTHING,,AgViN0JqQq,USA
SG APPAREL,,AgViN0JqQq,VENEZUELA
36 POINT 5,,AgViN0JqQq,VENEZUELA
LUZ APAREL,,AgViN0JqQq,VENEZUELA
MARONIE,,AgViN0JqQq,USA
RENAMED,,AgViN0JqQq,USA
VIOLA FASHION,,AgViN0JqQq,USA
LINZY TOYS INC,,AgViN0JqQq,USA
COMPITA,,AgViN0JqQq,USA
2NE1 APPAREL,,AgViN0JqQq,USA
DELTA ENTERPRISE CORP,,AgViN0JqQq,USA
GOLDEN TRRRI,,AgViN0JqQq,USA
ARA,,AgViN0JqQq,VENEZUELA
LOLLI COUTURE,,AgViN0JqQq,USA
OC SEE HOT FIX,,AgViN0JqQq,USA
SUNSHINE IMPORT,,AgViN0JqQq,USA
JUNE TRADING,,AgViN0JqQq,USA
HEM AND THREAD,,AgViN0JqQq,VENEZUELA
TREASURE,,AgViN0JqQq,USA
REBORN J,,AgViN0JqQq,USA
BELLAGIO 26 INC,,AgViN0JqQq,USA
LEMON TREE,DON@ITCLOTHING.COM,AgViN0JqQq,USA
DRIZ CONNECTION,,AgViN0JqQq,USA
MITTO SHOP,,AgViN0JqQq,USA
SHK FABRICS,,AgViN0JqQq,USA
LADIX BY BLACK FRIDAY,,AgViN0JqQq,USA
AMERICAN CHIC,,AgViN0JqQq,USA
BONDED APPAREL INC,isidrocamposgarcia@gmail.com,AgViN0JqQq,USA
VIOR INC,viorjeans@gmail.com,AgViN0JqQq,USA
ALBA FOOTWEAR,,AgViN0JqQq,USA
CHIC STYLE,,AgViN0JqQq,USA
SEXY POMPIS,,AgViN0JqQq,USA
JUST KIDS,,AgViN0JqQq,USA
LITTOEPOTATOES/GJ SPORT,,AgViN0JqQq,USA
NAVIE DESINGS,,AgViN0JqQq,USA
B&C APPAREL,,AgViN0JqQq,USA
POINT SHOES,pointshoes3@gmail.com,AgViN0JqQq,USA
FABRIC & FABRIC INC,,AgViN0JqQq,USA
RAGFINDER OF ALIFORNIA,,AgViN0JqQq,USA
MODA LA ATTITUTE,,AgViN0JqQq,USA
AMUSE COSMETICS,,AgViN0JqQq,USA
DE MODE,,AgViN0JqQq,USA
CALI BJOU,,AgViN0JqQq,USA
SOURCE TRIMS INC,,AgViN0JqQq,USA
LAC BLEU,,AgViN0JqQq,USA
ABF FREIGHT SYSTEM,,AgViN0JqQq,USA
NELLA FANTASIA,,AgViN0JqQq,USA
BELLA BERRY USA FASHION INC,,AgViN0JqQq,USA
FRONTIER FS,,AgViN0JqQq,USA
LIFO CLOTHING,,AgViN0JqQq,USA
DESIGNER TEXTILES,,AgViN0JqQq,USA
FASHION BY WHOLESALE,,AgViN0JqQq,USA
COLOR ME RED,,AgViN0JqQq,USA
V5 IMPORTS,,AgViN0JqQq,USA
MESTIZO,,AgViN0JqQq,USA
EZRA,,AgViN0JqQq,VENEZUELA
MC NOON CRYSTAL IMPORT,,AgViN0JqQq,VENEZUELA
RED TOP INC,,AgViN0JqQq,USA
MISSION CLOTHING,,AgViN0JqQq,USA
LELE AND COMPANY INC,,AgViN0JqQq,USA
HATO,,AgViN0JqQq,VENEZUELA
JONALTEX,,AgViN0JqQq,USA
MJA FABRICS,,AgViN0JqQq,USA
GOOD GIRL,,AgViN0JqQq,USA
SHIRLEY HANDBAGS INC,,AgViN0JqQq,USA
TOPCO GROUP (DBA ENVYA),,AgViN0JqQq,USA
LA BELT,,AgViN0JqQq,USA
BAIKSAN OPC INC,,AgViN0JqQq,USA
RADIANT ENTERPRISE,,AgViN0JqQq,USA
JOY LAND,,AgViN0JqQq,USA
LEGACY LINE INC TEXTILE,,AgViN0JqQq,USA
OMEGA,,AgViN0JqQq,USA
EUNICE COLLECTION,,AgViN0JqQq,USA
GLOW PASSION,,AgViN0JqQq,VENEZUELA
XP TRADDING,,AgViN0JqQq,USA
DH COTHING,,AgViN0JqQq,USA
IP FASHION,,AgViN0JqQq,USA
SOLAR,,AgViN0JqQq,USA
SOL AND FELIZ,,AgViN0JqQq,USA
CORNEL TRADING INC,,AgViN0JqQq,USA
ALICE LA,,AgViN0JqQq,USA
FUN 2 FUN,,AgViN0JqQq,USA
PRO OFFPRICE INC CLOTHING,,AgViN0JqQq,USA
ADRIANAS SHOES,,AgViN0JqQq,USA
TUTU FASHION,,AgViN0JqQq,USA
EIGHTY ONE ENTERPRISE INC,,AgViN0JqQq,USA
JANUARY 7,,AgViN0JqQq,USA
BESTLINE UNDERWEAR,,AgViN0JqQq,VENEZUELA
OCEAN IS,,AgViN0JqQq,USA
TIGER,,AgViN0JqQq,USA
LA GATE,,AgViN0JqQq,USA
WHEEL DEALS,,AgViN0JqQq,VENEZUELA
STAR BOUTIQUE,,AgViN0JqQq,VENEZUELA
TOPS HANDBAGS INC,,AgViN0JqQq,USA
TRADE IN MOTION,,AgViN0JqQq,USA
STELLAR,,AgViN0JqQq,USA
SHAMUELS SPORTSWEAR,,AgViN0JqQq,USA
CHELE T SHIRT,,AgViN0JqQq,USA
PITBULL,,AgViN0JqQq,USA
CINDY COLLECTION,,AgViN0JqQq,USA
FASHIONAMICS,,AgViN0JqQq,USA
SWEET LALA,,AgViN0JqQq,USA
NEON BLUE,,AgViN0JqQq,USA
GRAEFEN,,AgViN0JqQq,USA
ELIZABETH ROMERO,,AgViN0JqQq,VENEZUELA
APPAREL TIME,,AgViN0JqQq,USA
BARBIES APPAREL,,AgViN0JqQq,USA
GLAD RAGS,,AgViN0JqQq,USA
TRINITY,,AgViN0JqQq,VENEZUELA
TARGET TREADING,,AgViN0JqQq,VENEZUELA
WONDER GIRL,,AgViN0JqQq,USA
KLEANCOLOR,,AgViN0JqQq,USA
BIG BARGAIN TRADING,,AgViN0JqQq,USA
HK FASHION,,AgViN0JqQq,USA
ATLANTIC WHOLESALES,,AgViN0JqQq,USA
ACE FABRICS,,AgViN0JqQq,USA
USPC FOOTWEAR INC,,AgViN0JqQq,USA
FASHION STREET,,AgViN0JqQq,USA
ARISE TRADING,,AgViN0JqQq,USA
ANNS TRADING,,AgViN0JqQq,USA
ITRO,,AgViN0JqQq,USA
POLIANA PLUS,,AgViN0JqQq,USA
DYNASOL EYEWEAR,,AgViN0JqQq,USA
AWAD HOME FASHION,,AgViN0JqQq,USA
TOUCH MINE,,AgViN0JqQq,USA
FANCY CRAFT,,AgViN0JqQq,USA
GENERAL PERFUMES,,AgViN0JqQq,USA
DIBIU CLOTHING,,AgViN0JqQq,USA
CITY BUSINESS,,AgViN0JqQq,USA
MOND TEX INT,,AgViN0JqQq,VENEZUELA
SHALOM FASHION,,AgViN0JqQq,USA
MY BELOVED,,AgViN0JqQq,USA
YELETE GROUP,,AgViN0JqQq,USA
BEST LINE,,AgViN0JqQq,USA
HOT AND THE GANG,,AgViN0JqQq,USA
URBAN MODA,,AgViN0JqQq,USA
PLUMA IMPORTS,,AgViN0JqQq,USA
PRECIOUS INC,,AgViN0JqQq,USA
IMPRESSIONS,,AgViN0JqQq,VENEZUELA
PERFUMES EXPO,,AgViN0JqQq,USA
PLATINI JEANS COUGAR,,AgViN0JqQq,USA
URBAN CHIC,,AgViN0JqQq,VENEZUELA
PREMIER DISPLAY & FIXTURES,,AgViN0JqQq,USA
AMELIA COTURE,,AgViN0JqQq,USA
D ROCK,,AgViN0JqQq,USA
DRASS COLLECTION,,AgViN0JqQq,USA
BENEDETTA BAGS,,AgViN0JqQq,USA
WILD ROSE,,AgViN0JqQq,USA
SAME AS CONSIGNEE,,AgViN0JqQq,VENEZUELA
LILY FASHION,,AgViN0JqQq,VENEZUELA
ADORO COSMETICS INC,,AgViN0JqQq,USA
FASHION GOLD,,AgViN0JqQq,USA
LADY LORD,,AgViN0JqQq,VENEZUELA
VANILLA BAY,,AgViN0JqQq,VENEZUELA
CUE CHIC,,AgViN0JqQq,VENEZUELA
PECOWARE,,AgViN0JqQq,USA
JUDYS ACCESSORIES,,AgViN0JqQq,USA
SECTOR 9 INC,,AgViN0JqQq,VENEZUELA
KEYA JEANS,,AgViN0JqQq,VENEZUELA
SWB SHIRAM,,AgViN0JqQq,USA
EZ DEALS,,AgViN0JqQq,USA
BASHU,,AgViN0JqQq,USA
SEBU NIMA,,AgViN0JqQq,USA
HEART OF NEW YORK,,AgViN0JqQq,VENEZUELA
JW-T,,AgViN0JqQq,USA
MAIN ACE,,AgViN0JqQq,USA
FRESH LOOK,,AgViN0JqQq,USA
GOLDEN STAR TOYS,,AgViN0JqQq,USA
BLANC WHOLESALE,,AgViN0JqQq,USA
A-1 HOSERY,,AgViN0JqQq,USA
ONE STAR,,AgViN0JqQq,USA
RIO WOMAS CLOTHING,,AgViN0JqQq,USA
MIRA ENTERPRISE,,AgViN0JqQq,USA
HILLARYS SOPHISTICATED TOUCH,info@hillarypartydress.com,AgViN0JqQq,USA
STELLA FORMALS,stellaformals@gmail.com,AgViN0JqQq,USA
CH SPORTSWEAR,,AgViN0JqQq,USA
MODIT FOOTWEAR CORP,,AgViN0JqQq,USA
MARILYN MODA,,AgViN0JqQq,USA
IL CAPRICCIO,,AgViN0JqQq,USA
ROSAS FASHION,,AgViN0JqQq,USA
GENESIS DISPLAY,,AgViN0JqQq,USA
JOOBEE,,AgViN0JqQq,USA
DOE AND RAE,,AgViN0JqQq,USA
DIGARNI,,AgViN0JqQq,USA
LEATHER IN CHICAGO,,AgViN0JqQq,USA
JULIOS EXPORT & IMPORT INC,,AgViN0JqQq,USA
MAY & JULY INC,,AgViN0JqQq,USA
CALIFORNIA THEAD,,AgViN0JqQq,USA
JEMMA APPAREL,,AgViN0JqQq,USA
LOVE PASSION,,AgViN0JqQq,USA
PRIMA COLLECTION,,AgViN0JqQq,USA
VANESSA ACCESORIES,,AgViN0JqQq,USA
MICHAEL ANTONIO FOOTWEAR,,AgViN0JqQq,VENEZUELA
CUTE AND CHIC,,AgViN0JqQq,USA
STUDIO PLUS,,AgViN0JqQq,USA
GOSSIP APPAREL,,AgViN0JqQq,USA
EMPIRE,,AgViN0JqQq,USA
LE LOUVRE,,AgViN0JqQq,USA
FDC INC,,AgViN0JqQq,USA
CLARA STORY,,AgViN0JqQq,USA
MALTI FASHION,,AgViN0JqQq,USA
ELAINE HANDBAGS,,AgViN0JqQq,USA
TBT PLASTIC,,AgViN0JqQq,USA
YURI APPAREL,,AgViN0JqQq,USA
JS FASHION,,AgViN0JqQq,USA
COTTON LEGGINGS,,AgViN0JqQq,USA
CARGO MATIC,,AgViN0JqQq,USA
MARC FERRIER,,AgViN0JqQq,USA
HI FASHION,,AgViN0JqQq,USA
PICO WHOLESALE ELECTRIC & LIGHTNING SUPPLIES,,AgViN0JqQq,USA
MEXPO INTERNATIONAL INC,,AgViN0JqQq,USA
DEBI FASHION,,AgViN0JqQq,USA
MAYA & SONS INC,,AgViN0JqQq,USA
ANGEL LABRIE,,AgViN0JqQq,VENEZUELA
TOP LINE,,AgViN0JqQq,USA
FASHION FOR LESS,,AgViN0JqQq,USA
KHQ INVESTMENT,,AgViN0JqQq,USA
A&A PERFUMES,,AgViN0JqQq,USA
USI FLORAL IMPORTS INC,,AgViN0JqQq,USA
OLGA SHOES,,AgViN0JqQq,USA
CROWN KICKS,,AgViN0JqQq,USA
MEZTISOS,,AgViN0JqQq,USA
GOLDEN DOLPHIN,,AgViN0JqQq,USA
EM,,AgViN0JqQq,VENEZUELA
KOST 2 KOST,,AgViN0JqQq,USA
SKY PLUS,,AgViN0JqQq,USA
SOCIAL LOCASION,,AgViN0JqQq,VENEZUELA
CHELSEY,JOSE@CHELSEYAPPAREL.COM,AgViN0JqQq,VENEZUELA
RONALDO,,AgViN0JqQq,VENEZUELA
MELROSE GALLERY,,AgViN0JqQq,VENEZUELA
STYLE BOOK,,AgViN0JqQq,USA
LUXXEL CLOTHING,,AgViN0JqQq,VENEZUELA
ANAK USA,,AgViN0JqQq,USA
DRAJ COLLECTION,,AgViN0JqQq,VENEZUELA
T PARTY,,AgViN0JqQq,USA
CEZANNE,,AgViN0JqQq,USA
HANDBAGS FOR AALL,,AgViN0JqQq,VENEZUELA
INTERNATIONAL PRIVATE LABEL,,AgViN0JqQq,VENEZUELA
FINAL TOUCH,,AgViN0JqQq,VENEZUELA
VISION EXPRESS,,AgViN0JqQq,VENEZUELA
BLUEBERRY MINT,,AgViN0JqQq,USA
CECI INC,,AgViN0JqQq,USA
DAVI DANI,,AgViN0JqQq,USA
REVIBE,,AgViN0JqQq,VENEZUELA
OUYI STAR,,AgViN0JqQq,USA
22ND CLOTHING,,AgViN0JqQq,USA
FINE FRAGANCES,,AgViN0JqQq,USA
ENVIA EXPRESS,,AgViN0JqQq,USA
GIGI LOOK,,AgViN0JqQq,USA
PIXIE DUST,,AgViN0JqQq,USA
SEXY STAR DESINGS,,AgViN0JqQq,USA
BAG IN THE HAND,,AgViN0JqQq,USA
ARIEL,,AgViN0JqQq,VENEZUELA
SOPHIAS FASHION,,AgViN0JqQq,USA
FASHIONOMICS,fashionomics.la@gmail.com,AgViN0JqQq,USA
SWEET CLAIRE,,AgViN0JqQq,USA
SYB,,AgViN0JqQq,VENEZUELA
BIBIAN,,AgViN0JqQq,USA
MARIA CRISTINA,,AgViN0JqQq,USA
DEMIN BLVD,,AgViN0JqQq,USA
EXPRESS SOURCE,,AgViN0JqQq,USA
NINE PLANET,,AgViN0JqQq,USA
UNIK TOYZ TRANDING,,AgViN0JqQq,USA
MEBON,,AgViN0JqQq,USA
BIG SECRET,,AgViN0JqQq,USA
GIANT TOYS,,AgViN0JqQq,USA
LA FASHION,,AgViN0JqQq,VENEZUELA
AIDENS HOME FASHION,,AgViN0JqQq,USA
GWBG CLOTHING,,AgViN0JqQq,VENEZUELA
JWT,,AgViN0JqQq,USA
BEBEMIO INC,,AgViN0JqQq,VENEZUELA
TOP 10,,AgViN0JqQq,VENEZUELA
JUBI FASHION,,AgViN0JqQq,USA
CAMILA CLOTHING,,AgViN0JqQq,VENEZUELA
PACIFIC ACCESSORIES,,AgViN0JqQq,USA
SPIN,,AgViN0JqQq,VENEZUELA
DOWNTOWN BABY,,AgViN0JqQq,VENEZUELA
BELLISSIMA,,AgViN0JqQq,USA
TREND NOTES,,AgViN0JqQq,USA
MELISSA JEANS,,AgViN0JqQq,USA
SPEEDY D,,AgViN0JqQq,USA
POLY USA,,AgViN0JqQq,VENEZUELA
ARTINI ACCESORIES,,AgViN0JqQq,VENEZUELA
LANTERN ENTERPRISE,,AgViN0JqQq,USA
JEAN JACKET,,AgViN0JqQq,USA
PROMISE,,AgViN0JqQq,VENEZUELA
NEXT ORIGINAL,,AgViN0JqQq,USA
NICE FASHION,,AgViN0JqQq,USA
BRIZA KIDS,,AgViN0JqQq,USA
CL TOYS,,AgViN0JqQq,USA
KARMA SHOES,,AgViN0JqQq,USA
ELEGANT KIDS 2000 INC,,AgViN0JqQq,USA
RUBII,,AgViN0JqQq,USA
MAI TAI,,AgViN0JqQq,USA
KORI AMERICA,,AgViN0JqQq,VENEZUELA
LQN,,AgViN0JqQq,USA
BELLA MIA,,AgViN0JqQq,USA
KALA HANDBAGS,,AgViN0JqQq,USA
NORAS,,AgViN0JqQq,VENEZUELA
DYLMAR,,AgViN0JqQq,USA
URGENT GEAR INC,info@urgentgear.com,AgViN0JqQq,VENEZUELA
NEW LINE,,AgViN0JqQq,VENEZUELA
JENIN HOME FASHION,kshalabi@sbcglobal.net,AgViN0JqQq,USA
MJ TOYS,,AgViN0JqQq,USA
ENTI CLOTHING,,AgViN0JqQq,USA
MELINA,,AgViN0JqQq,USA
BINGO OFF PRICE,,AgViN0JqQq,VENEZUELA
SHANIL,,AgViN0JqQq,VENEZUELA
J FLASH,,AgViN0JqQq,USA
SMILLING HOME,,AgViN0JqQq,USA
DENJOY,,AgViN0JqQq,USA
SILHOUETTE,,AgViN0JqQq,VENEZUELA
SOMETHING SPECIAL LA,,AgViN0JqQq,USA
SPECIAL FOR YOU,,AgViN0JqQq,VENEZUELA
BEST MARTIAL ARTS MOOTO,,AgViN0JqQq,USA
999 PERFUMES,,AgViN0JqQq,USA
JANETTE FASHION,,AgViN0JqQq,USA
TDC LA SHOW ROOM,,AgViN0JqQq,USA
JW DESINGS,,AgViN0JqQq,USA
VINATEX,,AgViN0JqQq,USA
HOT TIME,,AgViN0JqQq,USA
MIKEYS FABRIC WHOLESALE,,AgViN0JqQq,USA
SUPER ANIME,,AgViN0JqQq,USA
HESPERUS,,AgViN0JqQq,USA
TROY DESINGS,,AgViN0JqQq,USA
SILVER DIVA,,AgViN0JqQq,VENEZUELA
BRAND Q INC,,AgViN0JqQq,USA
BCBG MAXAZRIA,,AgViN0JqQq,USA
12 EVENUEL,,AgViN0JqQq,VENEZUELA
ALKAM HOME FASHION,,AgViN0JqQq,VENEZUELA
ZEUS INC,,AgViN0JqQq,USA
MOHAMMED,,AgViN0JqQq,USA
JC HANDBAGS,,AgViN0JqQq,USA
B&G BRUNDE,,AgViN0JqQq,USA
GLOVAL LINK,,AgViN0JqQq,USA
GLOBAL TIME,,AgViN0JqQq,USA
RETRO FASHION,,AgViN0JqQq,VENEZUELA
HOLLYWOOD SOX & UNDERGARMNETS,,AgViN0JqQq,USA
KIDZ WINC,,AgViN0JqQq,VENEZUELA
T2G TEES,,AgViN0JqQq,USA
K GLAM,,AgViN0JqQq,USA
JNK USA,jnkusaclothing@gmail.com,AgViN0JqQq,USA
SCENT SATION,,AgViN0JqQq,VENEZUELA
HONEYLEE,,AgViN0JqQq,VENEZUELA
MMS TRADING,INFO@MMSTRADINGINC.COM,AgViN0JqQq,USA
IM INK CORP,,AgViN0JqQq,USA
U WANTS DENIM USA,,AgViN0JqQq,USA
ACCESORIES,,AgViN0JqQq,USA
BEST BUY,,AgViN0JqQq,USA
NEW HOPE TRANSPORT,,AgViN0JqQq,USA
HERA COLLECTION,,AgViN0JqQq,VENEZUELA
CASA LEE,,AgViN0JqQq,USA
ROUSSEAU,,AgViN0JqQq,USA
PRIVY,,AgViN0JqQq,USA
ALMOST NOTHING INC,,AgViN0JqQq,USA
MOA COLLECTION,,AgViN0JqQq,VENEZUELA
VANTARA,,AgViN0JqQq,USA
PRO 5 SHIRTS,,AgViN0JqQq,USA
NP FASHION,,AgViN0JqQq,USA
APLE B,,AgViN0JqQq,VENEZUELA
JASZ COUTURE,,AgViN0JqQq,VENEZUELA
EXPEDITOR/EXOMOTION,,AgViN0JqQq,USA
TOP CHOICE,,AgViN0JqQq,VENEZUELA
LOILA,,AgViN0JqQq,USA
ARCO IRIS,,AgViN0JqQq,USA
JEGGOLOGY,,AgViN0JqQq,USA
COME N SEE,,AgViN0JqQq,USA
123 KIDS,,AgViN0JqQq,USA
CAPELLA,,AgViN0JqQq,USA
LORI & JANE,,AgViN0JqQq,USA
KMC USA,,AgViN0JqQq,VENEZUELA
BONNY KIDS,,AgViN0JqQq,USA
SOLAR COLLECTION,,AgViN0JqQq,USA
SECRET,,AgViN0JqQq,USA
APPLE B,,AgViN0JqQq,USA
DIAMOND FOOTWEAR,,AgViN0JqQq,USA
NEW DISPLAY,,AgViN0JqQq,USA
MONA MIA COLLECZIONE INC,,AgViN0JqQq,USA
DOBY SPORTS,,AgViN0JqQq,VENEZUELA
BETTYS SHOES,,AgViN0JqQq,USA
LOVE RIDE,,AgViN0JqQq,USA
VIA TRADING,,AgViN0JqQq,USA
REDDAWAY,,AgViN0JqQq,USA
GG GLAMOURE,,AgViN0JqQq,USA
FORWARD FASHION,,AgViN0JqQq,USA
GLOBAL BRAND GROUP,,AgViN0JqQq,USA
PATRONCITO USA,,AgViN0JqQq,USA
CUT LINE,,AgViN0JqQq,USA
PINKY KIDS,,AgViN0JqQq,USA
JOY KIDS,,AgViN0JqQq,VENEZUELA
LA NUEVA YORK,,AgViN0JqQq,USA
WESTER PACIFIC,,AgViN0JqQq,VENEZUELA
BIJAN KIDS,,AgViN0JqQq,USA
HH FASHION.COM,,AgViN0JqQq,USA
FUTURON,,AgViN0JqQq,USA
CITLALIS,,AgViN0JqQq,USA
LA SANDY KIDS,,AgViN0JqQq,USA
HAWKS BAY,,AgViN0JqQq,USA
URBAN FITZ,,AgViN0JqQq,USA
JDKY USA INC,,AgViN0JqQq,USA
FASHION WEBSTER,,AgViN0JqQq,VENEZUELA
BETANI FOOTWEAR,,AgViN0JqQq,USA
FANNY WHOLESALE,,AgViN0JqQq,VENEZUELA
BEACH JOY BIKINI,,AgViN0JqQq,VENEZUELA
DENIMLAND CORPORATION,denimlandjeans@gmail.com,AgViN0JqQq,USA
APPLE TREE APPAREL,,AgViN0JqQq,USA
RED VELVET,,AgViN0JqQq,VENEZUELA
COLLECTIVE RACK,,AgViN0JqQq,VENEZUELA
JIA TRADDING,,AgViN0JqQq,USA
LOKKY HOLDING,,AgViN0JqQq,VENEZUELA
HOT AIR INC,,AgViN0JqQq,USA
CARRINI,,AgViN0JqQq,USA
DREAM QUEST,INFO@EDREAMQUEST.COM,AgViN0JqQq,USA
KINGDOMB,,AgViN0JqQq,VENEZUELA
NEW STAR FABRIC,,AgViN0JqQq,USA
STEP UP,,AgViN0JqQq,USA
KID APPAREL,,AgViN0JqQq,VENEZUELA
BJ COMPANY,,AgViN0JqQq,USA
GBK INTERNATIONAL,,AgViN0JqQq,USA
KEY FASHION,,AgViN0JqQq,USA
ENGLISH FACTORY,,AgViN0JqQq,USA
MK SPORTS,,AgViN0JqQq,USA
CHELSEA,,AgViN0JqQq,VENEZUELA
BIG BEAR HEADWEAR,,AgViN0JqQq,USA
SAGA BRAND,,AgViN0JqQq,USA
SKIES ARE BLUE,,AgViN0JqQq,VENEZUELA
JASMIN LA,,AgViN0JqQq,USA
WESTERN DESIGN,,AgViN0JqQq,VENEZUELA
VRAJ CLOTHING,,AgViN0JqQq,USA
LOG CLOTHING,,AgViN0JqQq,USA
LEVI TEXTILES,,AgViN0JqQq,USA
QUEST IMPORTS,,AgViN0JqQq,USA
PASSARELLA,,AgViN0JqQq,USA
VISION UNDERWEAR,,AgViN0JqQq,USA
SJK FASHION,,AgViN0JqQq,VENEZUELA
MARIO CORTI SHOES,,AgViN0JqQq,USA
THE BROTHERS TRADE INC,,AgViN0JqQq,VENEZUELA
CRANK,,AgViN0JqQq,VENEZUELA
G GOSSIP,,AgViN0JqQq,VENEZUELA
HUNCHO KIDS,,AgViN0JqQq,USA
TOP DISPLAY,,AgViN0JqQq,USA
FREELOADER,,AgViN0JqQq,USA
E MENS CLUB,,AgViN0JqQq,VENEZUELA
FURNITURE COLLECTION,,AgViN0JqQq,VENEZUELA
HV BRAVO,,AgViN0JqQq,USA
KHRIS TRADING,,AgViN0JqQq,USA
PERFUMERIA FRANCE INC,,AgViN0JqQq,USA
DRESS A MED,,AgViN0JqQq,USA
DOWNTOWN MENS COLLECTION,,AgViN0JqQq,USA
INTIMATE UNDERWEAR 4U,,AgViN0JqQq,USA
FUN TECH IMPORTS,,AgViN0JqQq,USA
FORMOSA FASHION,,AgViN0JqQq,VENEZUELA
SWIMBAY,,AgViN0JqQq,USA
LACE PALACE,,AgViN0JqQq,USA
ZAM VICTORIOUS,,AgViN0JqQq,USA
THE TRUE LOVE,,AgViN0JqQq,USA
ROAD VISION,,AgViN0JqQq,USA
COSTAR INT,,AgViN0JqQq,USA
EAST WEST USA,,AgViN0JqQq,VENEZUELA
KOVA INC,,AgViN0JqQq,USA
LALALICIOUS,,AgViN0JqQq,USA
KLHOE COLLECTION,,AgViN0JqQq,USA
OLIVE TREE,info@olivetree-us.com,AgViN0JqQq,USA
LA FEMME,,AgViN0JqQq,USA
CARLOS SECRET,,AgViN0JqQq,USA
MK HOISERY,,AgViN0JqQq,USA
EASON DEL,,AgViN0JqQq,USA
TEN THE PERFECT NUMBER,,AgViN0JqQq,USA
CURA,,AgViN0JqQq,VENEZUELA
MAGIC PRICE,,AgViN0JqQq,USA
TOV CLOTHING,,AgViN0JqQq,USA
ARKORIENT JEANS,,AgViN0JqQq,VENEZUELA
FAITH APPAREL,,AgViN0JqQq,USA
PICO STORE EQUIPMENT,,AgViN0JqQq,VENEZUELA
SHOE OF SOUL,,AgViN0JqQq,USA
SPORTS WORLD INC,,AgViN0JqQq,VENEZUELA
LOVE RICHE,,AgViN0JqQq,VENEZUELA
MONOB,,AgViN0JqQq,VENEZUELA
H G JEANS,,AgViN0JqQq,VENEZUELA
UNITED MERCHANDISE UMA,,AgViN0JqQq,USA
5TH CUTURE,,AgViN0JqQq,USA
GOLDEN STATE CPS,,AgViN0JqQq,USA
MONDO JEANS,,AgViN0JqQq,USA
ANZUL,,AgViN0JqQq,VENEZUELA
MARCEL COLLECTION,,AgViN0JqQq,USA
WITH INC,,AgViN0JqQq,VENEZUELA
VIVI DIVA,,AgViN0JqQq,USA
JOY RELATION,,AgViN0JqQq,USA
KIKI KIDS,,AgViN0JqQq,VENEZUELA
GOP GLOBAL,,AgViN0JqQq,VENEZUELA
BIEN TEXTILE,,AgViN0JqQq,VENEZUELA
KATY,,AgViN0JqQq,VENEZUELA
ISHTAY MODA,,AgViN0JqQq,VENEZUELA
SHOES OF SOUL,,AgViN0JqQq,VENEZUELA
MORANO,,AgViN0JqQq,VENEZUELA
ZANJAN INC,,AgViN0JqQq,USA
FASHION ISN,,AgViN0JqQq,USA
VENEZIA SHOES,,AgViN0JqQq,USA
RED RIBBON,,AgViN0JqQq,USA
MAD FIT,,AgViN0JqQq,USA
TEX DEPOTS,,AgViN0JqQq,USA
S AND S,,AgViN0JqQq,USA
ALEX FABRICS,,AgViN0JqQq,USA
EASTERN WATCH,,AgViN0JqQq,VENEZUELA
ANA GLOBAL,,AgViN0JqQq,VENEZUELA
YENS,,AgViN0JqQq,USA
DOLL FASHION,,AgViN0JqQq,USA
SOFIAS FASHION,,AgViN0JqQq,VENEZUELA
RED LINE CLOTHING,,AgViN0JqQq,USA
GRUPPO BRAVO,,AgViN0JqQq,USA
MILEY AND MOLLEY,,AgViN0JqQq,VENEZUELA
FOREVER HANDBAGS,,AgViN0JqQq,USA
ZEXI,,AgViN0JqQq,USA
BLUE BLUSH,SALES@BLUEBLUSHCLOTHING.COM,AgViN0JqQq,USA
LANCERS FASHION,,AgViN0JqQq,USA
MAIN SPORTS WORLD,,AgViN0JqQq,USA
1 FONKY,,AgViN0JqQq,USA
JIREH CLOTHING,,AgViN0JqQq,USA
IN2YOU,,AgViN0JqQq,USA
JAM OFF PRICE,,AgViN0JqQq,USA
MEEYA FASHION,,AgViN0JqQq,USA
BARABAS,,AgViN0JqQq,USA
OLIVACEOUS,,AgViN0JqQq,USA
ANGEL FABRIC,,AgViN0JqQq,USA
ATOZ,,AgViN0JqQq,USA
DONY CORP,,AgViN0JqQq,USA
KBNL INTERNATIONAK,,AgViN0JqQq,USA
BDK WORLD INC,,AgViN0JqQq,USA
VICE CLOTHING,vice@viceusa.com,AgViN0JqQq,USA
LOY TRADING INC,,AgViN0JqQq,USA
TCD INC,,AgViN0JqQq,USA
CAVRONG GROUP,,AgViN0JqQq,USA
LA12ST,,AgViN0JqQq,USA
LA ROPAS,,AgViN0JqQq,VENEZUELA
MILLEY AND MOLLY,,AgViN0JqQq,USA
12TH CRAFT,,AgViN0JqQq,VENEZUELA
FARINELLI,,AgViN0JqQq,VENEZUELA
CHIN AMERICA,,AgViN0JqQq,USA
FULL BRIGHTING,,AgViN0JqQq,USA
FASHION TO U,,AgViN0JqQq,USA
STONY APPAREL,,AgViN0JqQq,USA
LA MAX INC,,AgViN0JqQq,USA
ELPHIS HANDBAGS,,AgViN0JqQq,USA
HNA SERVICES CORP,,AgViN0JqQq,USA
LOADING ZONE,loadingzoneemail@gmail.com,AgViN0JqQq,USA
SUN AND MOON,,AgViN0JqQq,USA
RED SHOE LOVER,,AgViN0JqQq,USA
BILLIONAIRE BLVD,,AgViN0JqQq,USA
SR CELL TECH,,AgViN0JqQq,USA
I U FASHION,,AgViN0JqQq,USA
HOT ISSUE FASHION,,AgViN0JqQq,USA
SAHARA WIRELESS,,AgViN0JqQq,USA
LANI FASHION,,AgViN0JqQq,USA
DUESANG,,AgViN0JqQq,USA
GRRAZIA,,AgViN0JqQq,USA
FRENCH KISS,,AgViN0JqQq,USA
SPICE INTIMATE,,AgViN0JqQq,USA
MISIA COLLECTION,,AgViN0JqQq,USA
ILOOK,,AgViN0JqQq,USA
LUV VENUS,,AgViN0JqQq,VENEZUELA
0 LIMIT FASHION,,AgViN0JqQq,USA
LOVELY GIRL FASHION,,AgViN0JqQq,USA
KAYDEN K,,AgViN0JqQq,USA
CHOICE CAP,,AgViN0JqQq,USA
SUMMER RIO,,AgViN0JqQq,USA
DEUT 28,,AgViN0JqQq,USA
CATHERINE COLLECTION,,AgViN0JqQq,USA
POWER T-SHIRTS,,AgViN0JqQq,USA
YNM HANDBAGS,,AgViN0JqQq,USA
PURSUE,,AgViN0JqQq,USA
BANA BEE,,AgViN0JqQq,VENEZUELA
NABI COSMETICS,,AgViN0JqQq,USA
MAIN STRIP,,AgViN0JqQq,USA
AMERICAN UNION,,AgViN0JqQq,VENEZUELA
ROYAL T,,AgViN0JqQq,VENEZUELA
SANTEE COSMETICS,,AgViN0JqQq,VENEZUELA
GOLDEN STATE OVERNIGHT,,AgViN0JqQq,USA
BALBOA FASHION,,AgViN0JqQq,USA
ALSTYLE APPAREL,,AgViN0JqQq,USA
LITTLE YUPPIE,,AgViN0JqQq,VENEZUELA
STYLE LOFT,,AgViN0JqQq,USA
RENJO,,AgViN0JqQq,USA
FB FEDELINE,,AgViN0JqQq,USA
ELLA CATHY,,AgViN0JqQq,VENEZUELA
CELESTA,,AgViN0JqQq,USA
IU FASHION,,AgViN0JqQq,USA
MANIJU,,AgViN0JqQq,VENEZUELA
DESING RECIPE,,AgViN0JqQq,VENEZUELA
247 FASHION STORE,,AgViN0JqQq,USA
RJ IMPORT,,AgViN0JqQq,USA
MISS M,,AgViN0JqQq,USA
AAKAA,,AgViN0JqQq,VENEZUELA
BC APPAREL,,AgViN0JqQq,VENEZUELA
OMEGA TRADIG,,AgViN0JqQq,VENEZUELA
DRESS FORUM,,AgViN0JqQq,VENEZUELA
EVENTS ESKA,,AgViN0JqQq,VENEZUELA
M RAFIE,,AgViN0JqQq,USA
LEGEINDS DEPOT,,AgViN0JqQq,USA
SE JOLIE,,AgViN0JqQq,USA
TOO TOO HAT,,AgViN0JqQq,USA
POET COUTURE,poetla@poet.reinadiaz.com,AgViN0JqQq,USA
DEN ENTERPRISES,,AgViN0JqQq,VENEZUELA
KAY FASHION,,AgViN0JqQq,VENEZUELA
FINE FASHION,,AgViN0JqQq,VENEZUELA
RETRO PARIS,,AgViN0JqQq,VENEZUELA
SNG APPAREL,,AgViN0JqQq,VENEZUELA
MY QUEEN,,AgViN0JqQq,VENEZUELA
SUNG LIGHT,,AgViN0JqQq,VENEZUELA
MM CLOTING,,AgViN0JqQq,VENEZUELA
YOUNG REPUBLIC,,AgViN0JqQq,VENEZUELA
ADRIANA SHOES,,AgViN0JqQq,VENEZUELA
LA SANDRA KIDS INC,,AgViN0JqQq,VENEZUELA
DIAMANTE APPAREL,,AgViN0JqQq,VENEZUELA
BLU PEPPER,,AgViN0JqQq,VENEZUELA
JAYBEE,,AgViN0JqQq,USA
DRESS CODE LA,,AgViN0JqQq,USA
DOWNTOWN BEAUTY,,AgViN0JqQq,USA
MILLION BULLPUP,,AgViN0JqQq,USA
BONAFINI ENTERPRISES,,AgViN0JqQq,USA
TONYS CASUAL,,AgViN0JqQq,VENEZUELA
FASHION LANES,,AgViN0JqQq,USA
LA 12TH,,AgViN0JqQq,USA
121 BLVD,,AgViN0JqQq,USA
LA OFFPRICE,,AgViN0JqQq,USA
BABY FO,,AgViN0JqQq,USA
SIGNATURE 8,,AgViN0JqQq,USA
EVENFLO,,AgViN0JqQq,USA
ROCHINTON,,AgViN0JqQq,VENEZUELA
ENWA USA,,AgViN0JqQq,VENEZUELA
SYDNEY,,AgViN0JqQq,USA
APPLE ACCESORIES,,AgViN0JqQq,USA
SOL EFFECT ENTERPRISES INC,,AgViN0JqQq,USA
NEW STAR SHOES,,AgViN0JqQq,USA
A ELLEN,,AgViN0JqQq,USA
DIVA FASHION SHOES,,AgViN0JqQq,USA
ANNAS FOOTWEAR,,AgViN0JqQq,USA
LADY MONKEY,,AgViN0JqQq,USA
YURAM,,AgViN0JqQq,VENEZUELA
SEVEN LIONS INC,,AgViN0JqQq,USA
BEAUTY PLUS GLOBAL INC,,AgViN0JqQq,USA
FREDES,,AgViN0JqQq,VENEZUELA
BUY4STORE,,AgViN0JqQq,USA
CANDI DI NEW FASHION,,AgViN0JqQq,USA
JODIFL,,AgViN0JqQq,USA
YIRA,,AgViN0JqQq,VENEZUELA
IVY TRADING,,AgViN0JqQq,VENEZUELA
GIORGINNI INC,,AgViN0JqQq,VENEZUELA
VLADO FOOTWEAR,,AgViN0JqQq,USA
NAYANA,,AgViN0JqQq,USA
CREACIONES DAMAJEAN,Jean04damelis@hotmail.com,AgViN0JqQq,VENEZUELA
